buoy_id,wave_time_utc,significant_wave_height,primary_wave_height,primary_period,primary_direction,mean_direction,secondary_wave_height,secondary_period,secondary_direction,tertiary_wave_height,tertiary_period,tertiary_direction,source,ingested_at
29,2026-05-28 07:00:00+00:00,3.0589,,11.1111,311.0084,311.0084,,,,,,,offshore_buoy,2026-05-28 18:49:46+00:00
29,2026-05-28 08:00:00+00:00,2.9919,,11.1111,310.9368,310.9368,,,,,,,offshore_buoy,2026-05-28 18:49:46+00:00
29,2026-05-28 09:00:00+00:00,2.9365,,11.1111,310.8413,310.8413,,,,,,,offshore_buoy,2026-05-28 18:49:46+00:00
29,2026-05-28 10:00:00+00:00,2.8936,,10.5263,312.0824,312.0824,,,,,,,offshore_buoy,2026-05-28 18:49:46+00:00
29,2026-05-28 11:00:00+00:00,2.8613,,10.5263,312.0463,312.0463,,,,,,,offshore_buoy,2026-05-28 18:49:46+00:00
29,2026-05-28 12:00:00+00:00,2.838,,10.5263,311.9648,311.9648,,,,,,,offshore_buoy,2026-05-28 18:49:46+00:00
29,2026-05-28 13:00:00+00:00,2.8204,,10.5263,311.8884,311.8884,,,,,,,offshore_buoy,2026-05-28 18:49:46+00:00
29,2026-05-28 14:00:00+00:00,2.8058,,10.5263,311.8701,311.8701,,,,,,,offshore_buoy,2026-05-28 18:49:46+00:00
29,2026-05-28 15:00:00+00:00,2.7914,,9.8717,313.4499,313.4499,,,,,,,offshore_buoy,2026-05-28 18:49:46+00:00
29,2026-05-28 16:00:00+00:00,2.7757,,9.8717,313.718,313.718,,,,,,,offshore_buoy,2026-05-28 18:49:46+00:00
29,2026-05-28 17:00:00+00:00,2.7589,,9.8717,314.0822,314.0822,,,,,,,offshore_buoy,2026-05-28 18:49:46+00:00
29,2026-05-28 18:00:00+00:00,2.7432,,20.0,298.7668,298.7668,,,,,,,offshore_buoy,2026-05-28 18:49:46+00:00
29,2026-05-28 19:00:00+00:00,2.7301,,18.1818,296.3098,296.3098,,,,,,,offshore_buoy,2026-05-28 18:49:46+00:00
29,2026-05-28 20:00:00+00:00,2.7201,,18.1818,297.3191,297.3191,,,,,,,offshore_buoy,2026-05-28 18:49:46+00:00
29,2026-05-28 21:00:00+00:00,2.7116,,18.1818,298.2529,298.2529,,,,,,,offshore_buoy,2026-05-28 18:49:46+00:00
29,2026-05-28 22:00:00+00:00,2.7028,,18.1818,299.0587,299.0587,,,,,,,offshore_buoy,2026-05-28 18:49:46+00:00
29,2026-05-28 23:00:00+00:00,2.6913,,18.1818,299.6865,299.6865,,,,,,,offshore_buoy,2026-05-28 18:49:46+00:00
29,2026-05-29 00:00:00+00:00,2.6735,,18.1818,300.1558,300.1558,,,,,,,offshore_buoy,2026-05-28 18:49:46+00:00
29,2026-05-29 01:00:00+00:00,2.6484,,18.1818,300.4161,300.4161,,,,,,,offshore_buoy,2026-05-28 18:49:46+00:00
29,2026-05-29 02:00:00+00:00,2.619,,18.1818,300.5364,300.5364,,,,,,,offshore_buoy,2026-05-28 18:49:46+00:00
29,2026-05-29 03:00:00+00:00,2.5903,,16.6667,298.7511,298.7511,,,,,,,offshore_buoy,2026-05-28 18:49:46+00:00
29,2026-05-29 04:00:00+00:00,2.5646,,16.6667,298.7577,298.7577,,,,,,,offshore_buoy,2026-05-28 18:49:46+00:00
29,2026-05-29 05:00:00+00:00,2.5423,,16.6667,298.7344,298.7344,,,,,,,offshore_buoy,2026-05-28 18:49:46+00:00
29,2026-05-29 06:00:00+00:00,2.525,,16.6667,298.7315,298.7315,,,,,,,offshore_buoy,2026-05-28 18:49:46+00:00
29,2026-05-29 07:00:00+00:00,2.5157,,16.6667,298.7496,298.7496,,,,,,,offshore_buoy,2026-05-28 18:49:46+00:00
29,2026-05-29 08:00:00+00:00,2.5175,,16.6667,298.7896,298.7896,,,,,,,offshore_buoy,2026-05-28 18:49:46+00:00
29,2026-05-29 09:00:00+00:00,2.529,,16.6667,298.8245,298.8245,,,,,,,offshore_buoy,2026-05-28 18:49:46+00:00
29,2026-05-29 10:00:00+00:00,2.543,,16.6667,298.8669,298.8669,,,,,,,offshore_buoy,2026-05-28 18:49:46+00:00
29,2026-05-29 11:00:00+00:00,2.5515,,16.6667,298.8879,298.8879,,,,,,,offshore_buoy,2026-05-28 18:49:46+00:00
29,2026-05-29 12:00:00+00:00,2.5538,,16.6667,298.8887,298.8887,,,,,,,offshore_buoy,2026-05-28 18:49:46+00:00
29,2026-05-29 13:00:00+00:00,2.5549,,15.3846,298.2686,298.2686,,,,,,,offshore_buoy,2026-05-28 18:49:46+00:00
29,2026-05-29 14:00:00+00:00,2.557,,15.3846,298.4959,298.4959,,,,,,,offshore_buoy,2026-05-28 18:49:46+00:00
29,2026-05-29 15:00:00+00:00,2.5559,,15.3846,298.6971,298.6971,,,,,,,offshore_buoy,2026-05-28 18:49:46+00:00
29,2026-05-29 16:00:00+00:00,2.5501,,15.3846,298.8462,298.8462,,,,,,,offshore_buoy,2026-05-28 18:49:46+00:00
29,2026-05-29 17:00:00+00:00,2.5427,,15.3846,298.9081,298.9081,,,,,,,offshore_buoy,2026-05-28 18:49:46+00:00
29,2026-05-29 18:00:00+00:00,2.5368,,15.3846,298.8682,298.8682,,,,,,,offshore_buoy,2026-05-28 18:49:46+00:00
29,2026-05-29 19:00:00+00:00,2.5322,,15.3846,298.7324,298.7324,,,,,,,offshore_buoy,2026-05-28 18:49:46+00:00
29,2026-05-29 20:00:00+00:00,2.5278,,15.3846,298.5071,298.5071,,,,,,,offshore_buoy,2026-05-28 18:49:46+00:00
29,2026-05-29 21:00:00+00:00,2.5242,,15.3846,298.1945,298.1945,,,,,,,offshore_buoy,2026-05-28 18:49:46+00:00
29,2026-05-29 22:00:00+00:00,2.5265,,14.2857,298.3986,298.3986,,,,,,,offshore_buoy,2026-05-28 18:49:46+00:00
29,2026-05-29 23:00:00+00:00,2.5393,,14.2857,298.0366,298.0366,,,,,,,offshore_buoy,2026-05-28 18:49:46+00:00
29,2026-05-30 00:00:00+00:00,2.5627,,14.2857,297.5991,297.5991,,,,,,,offshore_buoy,2026-05-28 18:49:46+00:00
29,2026-05-30 01:00:00+00:00,2.5891,,14.2857,297.1333,297.1333,,,,,,,offshore_buoy,2026-05-28 18:49:46+00:00
29,2026-05-30 02:00:00+00:00,2.6117,,14.2857,296.6465,296.6465,,,,,,,offshore_buoy,2026-05-28 18:49:46+00:00
29,2026-05-30 03:00:00+00:00,2.6326,,14.2857,296.1939,296.1939,,,,,,,offshore_buoy,2026-05-28 18:49:46+00:00
29,2026-05-30 04:00:00+00:00,2.6582,,14.2857,295.7807,295.7807,,,,,,,offshore_buoy,2026-05-28 18:49:46+00:00
29,2026-05-30 05:00:00+00:00,2.6922,,13.3333,296.1052,296.1052,,,,,,,offshore_buoy,2026-05-28 18:49:46+00:00
29,2026-05-30 06:00:00+00:00,2.7372,,13.3333,295.9436,295.9436,,,,,,,offshore_buoy,2026-05-28 18:49:46+00:00
29,2026-05-30 07:00:00+00:00,2.7955,,13.3333,295.8572,295.8572,,,,,,,offshore_buoy,2026-05-28 18:49:46+00:00
29,2026-05-30 08:00:00+00:00,2.8659,,13.3333,295.8204,295.8204,,,,,,,offshore_buoy,2026-05-28 18:49:46+00:00
29,2026-05-30 09:00:00+00:00,2.9408,,13.3333,295.7809,295.7809,,,,,,,offshore_buoy,2026-05-28 18:49:46+00:00
29,2026-05-30 10:00:00+00:00,3.0129,,13.3333,295.6936,295.6936,,,,,,,offshore_buoy,2026-05-28 18:49:46+00:00
29,2026-05-30 11:00:00+00:00,3.0744,,13.3333,295.5395,295.5395,,,,,,,offshore_buoy,2026-05-28 18:49:46+00:00
29,2026-05-30 12:00:00+00:00,3.1219,,7.6923,318.622,318.622,,,,,,,offshore_buoy,2026-05-28 18:49:46+00:00
29,2026-05-30 13:00:00+00:00,3.1568,,8.3333,316.8677,316.8677,,,,,,,offshore_buoy,2026-05-28 18:49:46+00:00
29,2026-05-30 14:00:00+00:00,3.1806,,8.3333,316.9279,316.9279,,,,,,,offshore_buoy,2026-05-28 18:49:46+00:00
29,2026-05-30 15:00:00+00:00,3.2009,,8.3333,317.1719,317.1719,,,,,,,offshore_buoy,2026-05-28 18:49:46+00:00
29,2026-05-30 16:00:00+00:00,3.2234,,8.3333,317.6096,317.6096,,,,,,,offshore_buoy,2026-05-28 18:49:46+00:00
29,2026-05-30 17:00:00+00:00,3.237,,8.3333,318.1083,318.1083,,,,,,,offshore_buoy,2026-05-28 18:49:46+00:00
29,2026-05-30 18:00:00+00:00,3.2391,,8.3333,318.5669,318.5669,,,,,,,offshore_buoy,2026-05-28 18:49:46+00:00
29,2026-05-30 19:00:00+00:00,3.2231,,8.3333,318.8416,318.8416,,,,,,,offshore_buoy,2026-05-28 18:49:46+00:00
29,2026-05-30 20:00:00+00:00,3.2014,,8.3333,318.9846,318.9846,,,,,,,offshore_buoy,2026-05-28 18:49:46+00:00
29,2026-05-30 21:00:00+00:00,3.1869,,8.3333,318.945,318.945,,,,,,,offshore_buoy,2026-05-28 18:49:46+00:00
29,2026-05-30 22:00:00+00:00,3.1916,,8.3333,318.8388,318.8388,,,,,,,offshore_buoy,2026-05-28 18:49:46+00:00
29,2026-05-30 23:00:00+00:00,3.2206,,8.3333,318.7654,318.7654,,,,,,,offshore_buoy,2026-05-28 18:49:46+00:00
29,2026-05-31 00:00:00+00:00,3.2605,,8.3333,318.8945,318.8945,,,,,,,offshore_buoy,2026-05-28 18:49:46+00:00
29,2026-05-31 01:00:00+00:00,3.2967,,8.3333,319.2174,319.2174,,,,,,,offshore_buoy,2026-05-28 18:49:46+00:00
29,2026-05-31 02:00:00+00:00,3.3221,,8.3333,319.6295,319.6295,,,,,,,offshore_buoy,2026-05-28 18:49:46+00:00
29,2026-05-31 03:00:00+00:00,3.3397,,8.3333,319.9378,319.9378,,,,,,,offshore_buoy,2026-05-28 18:49:46+00:00
29,2026-05-31 04:00:00+00:00,3.3545,,9.0909,317.3243,317.3243,,,,,,,offshore_buoy,2026-05-28 18:49:46+00:00
29,2026-05-31 05:00:00+00:00,3.3748,,9.0909,317.5192,317.5192,,,,,,,offshore_buoy,2026-05-28 18:49:46+00:00
29,2026-05-31 06:00:00+00:00,3.4041,,9.0909,317.6808,317.6808,,,,,,,offshore_buoy,2026-05-28 18:49:46+00:00
29,2026-05-31 07:00:00+00:00,3.4382,,9.0909,317.7855,317.7855,,,,,,,offshore_buoy,2026-05-28 18:49:46+00:00
29,2026-05-31 08:00:00+00:00,3.4674,,9.0909,317.7634,317.7634,,,,,,,offshore_buoy,2026-05-28 18:49:46+00:00
29,2026-05-31 09:00:00+00:00,3.4867,,9.0909,317.6381,317.6381,,,,,,,offshore_buoy,2026-05-28 18:49:46+00:00
29,2026-05-31 10:00:00+00:00,3.4961,,9.0909,317.3272,317.3272,,,,,,,offshore_buoy,2026-05-28 18:49:46+00:00
29,2026-05-31 11:00:00+00:00,3.5102,,9.0909,316.9598,316.9598,,,,,,,offshore_buoy,2026-05-28 18:49:46+00:00
29,2026-05-31 12:00:00+00:00,3.5315,,9.0909,316.5805,316.5805,,,,,,,offshore_buoy,2026-05-28 18:49:46+00:00
29,2026-05-31 13:00:00+00:00,3.5498,,9.0909,316.2797,316.2797,,,,,,,offshore_buoy,2026-05-28 18:49:46+00:00
29,2026-05-31 14:00:00+00:00,3.5474,,9.0909,316.025,316.025,,,,,,,offshore_buoy,2026-05-28 18:49:46+00:00
29,2026-05-31 15:00:00+00:00,3.5104,,9.0909,315.8039,315.8039,,,,,,,offshore_buoy,2026-05-28 18:49:46+00:00
29,2026-05-31 16:00:00+00:00,3.4477,,9.0909,315.6187,315.6187,,,,,,,offshore_buoy,2026-05-28 18:49:46+00:00
29,2026-05-31 17:00:00+00:00,3.3749,,9.0909,315.5366,315.5366,,,,,,,offshore_buoy,2026-05-28 18:49:46+00:00
29,2026-05-31 18:00:00+00:00,3.3234,,9.0909,315.5541,315.5541,,,,,,,offshore_buoy,2026-05-28 18:49:46+00:00
29,2026-05-31 19:00:00+00:00,3.2937,,9.0909,315.5825,315.5825,,,,,,,offshore_buoy,2026-05-28 18:49:46+00:00
29,2026-05-31 20:00:00+00:00,3.2219,,9.0909,315.5812,315.5812,,,,,,,offshore_buoy,2026-05-28 18:49:46+00:00
29,2026-05-31 21:00:00+00:00,3.1846,,9.0909,315.5746,315.5746,,,,,,,offshore_buoy,2026-05-28 18:49:46+00:00
29,2026-05-31 22:00:00+00:00,3.1788,,9.0909,315.4806,315.4806,,,,,,,offshore_buoy,2026-05-28 18:49:46+00:00
29,2026-05-31 23:00:00+00:00,3.1452,,9.0909,315.1181,315.1181,,,,,,,offshore_buoy,2026-05-28 18:49:46+00:00
29,2026-06-01 00:00:00+00:00,3.1255,,9.0909,315.0641,315.0641,,,,,,,offshore_buoy,2026-05-28 18:49:46+00:00
29,2026-06-01 01:00:00+00:00,3.1189,,9.0909,315.0336,315.0336,,,,,,,offshore_buoy,2026-05-28 18:49:46+00:00
29,2026-06-01 02:00:00+00:00,3.1148,,9.0909,315.0854,315.0854,,,,,,,offshore_buoy,2026-05-28 18:49:46+00:00
29,2026-06-01 03:00:00+00:00,3.1128,,9.0909,315.1704,315.1704,,,,,,,offshore_buoy,2026-05-28 18:49:46+00:00
29,2026-06-01 04:00:00+00:00,3.1138,,9.0909,315.407,315.407,,,,,,,offshore_buoy,2026-05-28 18:49:46+00:00
29,2026-06-01 05:00:00+00:00,3.0845,,9.0909,317.0272,317.0272,,,,,,,offshore_buoy,2026-05-28 18:49:46+00:00
29,2026-06-01 06:00:00+00:00,3.0694,,9.0909,317.4489,317.4489,,,,,,,offshore_buoy,2026-05-28 18:49:46+00:00
29,2026-06-01 07:00:00+00:00,3.071,,9.0909,317.6209,317.6209,,,,,,,offshore_buoy,2026-05-28 18:49:46+00:00
29,2026-06-01 08:00:00+00:00,3.0023,,9.0909,318.7779,318.7779,,,,,,,offshore_buoy,2026-05-28 18:49:46+00:00
29,2026-06-01 09:00:00+00:00,2.9661,,9.0909,319.066,319.066,,,,,,,offshore_buoy,2026-05-28 18:49:46+00:00
29,2026-06-01 10:00:00+00:00,2.9564,,9.0909,318.944,318.944,,,,,,,offshore_buoy,2026-05-28 18:49:46+00:00
29,2026-06-01 11:00:00+00:00,2.85,,9.0909,318.8579,318.8579,,,,,,,offshore_buoy,2026-05-28 18:49:46+00:00
29,2026-06-01 12:00:00+00:00,2.801,,9.0909,318.8914,318.8914,,,,,,,offshore_buoy,2026-05-28 18:49:46+00:00
29,2026-06-01 13:00:00+00:00,2.7955,,9.0909,318.8232,318.8232,,,,,,,offshore_buoy,2026-05-28 18:49:46+00:00
29,2026-06-01 14:00:00+00:00,2.7047,,9.0909,318.8658,318.8658,,,,,,,offshore_buoy,2026-05-28 18:49:46+00:00
29,2026-06-01 15:00:00+00:00,2.6604,,9.0909,318.9114,318.9114,,,,,,,offshore_buoy,2026-05-28 18:49:46+00:00
29,2026-06-01 16:00:00+00:00,2.6583,,9.0909,318.9294,318.9294,,,,,,,offshore_buoy,2026-05-28 18:49:46+00:00
29,2026-06-01 17:00:00+00:00,2.6022,,9.0909,319.1842,319.1842,,,,,,,offshore_buoy,2026-05-28 18:49:46+00:00
29,2026-06-01 18:00:00+00:00,2.5716,,9.0909,319.2869,319.2869,,,,,,,offshore_buoy,2026-05-28 18:49:46+00:00
29,2026-06-01 19:00:00+00:00,2.5676,,9.0909,319.2055,319.2055,,,,,,,offshore_buoy,2026-05-28 18:49:46+00:00
29,2026-06-01 20:00:00+00:00,2.5026,,9.0909,319.2471,319.2471,,,,,,,offshore_buoy,2026-05-28 18:49:46+00:00
29,2026-06-01 21:00:00+00:00,2.4722,,9.0909,319.3688,319.3688,,,,,,,offshore_buoy,2026-05-28 18:49:46+00:00
29,2026-06-01 22:00:00+00:00,2.4664,,9.0909,319.2027,319.2027,,,,,,,offshore_buoy,2026-05-28 18:49:46+00:00
29,2026-06-01 23:00:00+00:00,2.3832,,9.0909,319.2299,319.2299,,,,,,,offshore_buoy,2026-05-28 18:49:46+00:00
29,2026-06-02 00:00:00+00:00,2.3509,,9.0909,319.4128,319.4128,,,,,,,offshore_buoy,2026-05-28 18:49:46+00:00
29,2026-06-02 01:00:00+00:00,2.3479,,9.0909,319.3599,319.3599,,,,,,,offshore_buoy,2026-05-28 18:49:46+00:00
29,2026-06-02 02:00:00+00:00,2.2821,,9.0909,319.6773,319.6773,,,,,,,offshore_buoy,2026-05-28 18:49:46+00:00
29,2026-06-02 03:00:00+00:00,2.2597,,9.0909,319.8832,319.8832,,,,,,,offshore_buoy,2026-05-28 18:49:46+00:00
29,2026-06-02 04:00:00+00:00,2.2581,,9.0909,319.8647,319.8647,,,,,,,offshore_buoy,2026-05-28 18:49:46+00:00
29,2026-06-02 05:00:00+00:00,2.2226,,9.0909,320.0685,320.0685,,,,,,,offshore_buoy,2026-05-28 18:49:46+00:00
29,2026-06-02 06:00:00+00:00,2.2107,,9.0909,320.1367,320.1367,,,,,,,offshore_buoy,2026-05-28 18:49:46+00:00
29,2026-06-02 07:00:00+00:00,2.2083,,9.0909,320.0873,320.0873,,,,,,,offshore_buoy,2026-05-28 18:49:46+00:00
29,2026-06-02 08:00:00+00:00,2.192,,9.0909,319.736,319.736,,,,,,,offshore_buoy,2026-05-28 18:49:46+00:00
29,2026-06-02 09:00:00+00:00,2.1866,,9.0909,319.6463,319.6463,,,,,,,offshore_buoy,2026-05-28 18:49:46+00:00
29,2026-06-02 10:00:00+00:00,2.1839,,9.0909,319.595,319.595,,,,,,,offshore_buoy,2026-05-28 18:49:46+00:00
29,2026-06-02 11:00:00+00:00,2.1721,,9.0909,319.2038,319.2038,,,,,,,offshore_buoy,2026-05-28 18:49:46+00:00
29,2026-06-02 12:00:00+00:00,2.1667,,8.3333,321.4199,321.4199,,,,,,,offshore_buoy,2026-05-28 18:49:46+00:00
29,2026-06-02 13:00:00+00:00,2.1608,,8.3333,321.412,321.412,,,,,,,offshore_buoy,2026-05-28 18:49:46+00:00
29,2026-06-02 14:00:00+00:00,2.1607,,8.3333,321.064,321.064,,,,,,,offshore_buoy,2026-05-28 18:49:46+00:00
29,2026-06-02 15:00:00+00:00,2.1704,,8.3333,320.958,320.958,,,,,,,offshore_buoy,2026-05-28 18:49:46+00:00
29,2026-06-02 16:00:00+00:00,2.1701,,8.3333,320.9129,320.9129,,,,,,,offshore_buoy,2026-05-28 18:49:46+00:00
29,2026-06-02 17:00:00+00:00,2.1238,,8.3333,320.0189,320.0189,,,,,,,offshore_buoy,2026-05-28 18:49:46+00:00
29,2026-06-02 18:00:00+00:00,2.1058,,8.3333,319.8694,319.8694,,,,,,,offshore_buoy,2026-05-28 18:49:46+00:00
29,2026-06-02 19:00:00+00:00,2.1032,,8.3333,319.8306,319.8306,,,,,,,offshore_buoy,2026-05-28 18:49:46+00:00
29,2026-06-02 20:00:00+00:00,2.0629,,16.6667,196.7025,196.7025,,,,,,,offshore_buoy,2026-05-28 18:49:46+00:00
29,2026-06-02 21:00:00+00:00,2.0504,,16.6667,196.3231,196.3231,,,,,,,offshore_buoy,2026-05-28 18:49:46+00:00
29,2026-06-02 22:00:00+00:00,2.0471,,16.6667,196.0694,196.0694,,,,,,,offshore_buoy,2026-05-28 18:49:46+00:00
29,2026-06-02 23:00:00+00:00,2.0593,,16.6667,196.1868,196.1868,,,,,,,offshore_buoy,2026-05-28 18:49:46+00:00
29,2026-06-03 00:00:00+00:00,2.078,,16.6667,196.0632,196.0632,,,,,,,offshore_buoy,2026-05-28 18:49:46+00:00
29,2026-06-03 01:00:00+00:00,2.0765,,16.6667,197.1155,197.1155,,,,,,,offshore_buoy,2026-05-28 18:49:46+00:00
29,2026-06-03 02:00:00+00:00,2.0807,,16.6667,197.1536,197.1536,,,,,,,offshore_buoy,2026-05-28 18:49:46+00:00
29,2026-06-03 03:00:00+00:00,2.1719,,7.6923,319.3701,319.3701,,,,,,,offshore_buoy,2026-05-28 18:49:46+00:00
29,2026-06-03 04:00:00+00:00,2.2038,,7.6923,319.1895,319.1895,,,,,,,offshore_buoy,2026-05-28 18:49:46+00:00
29,2026-06-03 05:00:00+00:00,2.3699,,7.1429,317.884,317.884,,,,,,,offshore_buoy,2026-05-28 18:49:46+00:00
29,2026-06-03 06:00:00+00:00,2.3828,,7.1429,318.8153,318.8153,,,,,,,offshore_buoy,2026-05-28 18:49:46+00:00
29,2026-06-03 07:00:00+00:00,2.3731,,7.1429,318.8104,318.8104,,,,,,,offshore_buoy,2026-05-28 18:49:46+00:00
29,2026-06-03 08:00:00+00:00,2.3729,,7.1429,317.6003,317.6003,,,,,,,offshore_buoy,2026-05-28 18:49:46+00:00
29,2026-06-03 09:00:00+00:00,2.3837,,7.6923,318.33,318.33,,,,,,,offshore_buoy,2026-05-28 18:49:46+00:00
29,2026-06-03 10:00:00+00:00,2.4307,,7.6923,318.0565,318.0565,,,,,,,offshore_buoy,2026-05-28 18:49:46+00:00
29,2026-06-03 11:00:00+00:00,2.733,,7.1429,319.638,319.638,,,,,,,offshore_buoy,2026-05-28 18:49:46+00:00
29,2026-06-03 12:00:00+00:00,2.7567,,7.1429,320.4755,320.4755,,,,,,,offshore_buoy,2026-05-28 18:49:46+00:00
29,2026-06-03 13:00:00+00:00,2.7403,,7.1429,320.4807,320.4807,,,,,,,offshore_buoy,2026-05-28 18:49:46+00:00
29,2026-06-03 14:00:00+00:00,2.7121,,7.1429,319.7959,319.7959,,,,,,,offshore_buoy,2026-05-28 18:49:46+00:00
29,2026-06-03 15:00:00+00:00,2.421,,7.1429,318.9146,318.9146,,,,,,,offshore_buoy,2026-05-28 18:49:46+00:00
29,2026-06-03 16:00:00+00:00,2.4766,,7.1429,318.765,318.765,,,,,,,offshore_buoy,2026-05-28 18:49:46+00:00
29,2026-06-03 17:00:00+00:00,2.6819,,7.1429,320.9415,320.9415,,,,,,,offshore_buoy,2026-05-28 18:49:46+00:00
29,2026-06-03 18:00:00+00:00,2.6812,,7.1429,321.2469,321.2469,,,,,,,offshore_buoy,2026-05-28 18:49:46+00:00
29,2026-06-03 19:00:00+00:00,2.6668,,7.1429,321.2531,321.2531,,,,,,,offshore_buoy,2026-05-28 18:49:46+00:00
29,2026-06-03 20:00:00+00:00,2.6603,,7.1429,320.1411,320.1411,,,,,,,offshore_buoy,2026-05-28 18:49:46+00:00
29,2026-06-03 21:00:00+00:00,2.5344,,7.1429,317.9598,317.9598,,,,,,,offshore_buoy,2026-05-28 18:49:46+00:00
29,2026-06-03 22:00:00+00:00,2.57,,7.1429,317.776,317.776,,,,,,,offshore_buoy,2026-05-28 18:49:46+00:00
29,2026-06-03 23:00:00+00:00,2.3568,,6.6667,320.5569,320.5569,,,,,,,offshore_buoy,2026-05-28 18:49:46+00:00
29,2026-06-04 00:00:00+00:00,2.3061,,6.25,320.5794,320.5794,,,,,,,offshore_buoy,2026-05-28 18:49:46+00:00
29,2026-06-04 01:00:00+00:00,2.3015,,6.25,320.5502,320.5502,,,,,,,offshore_buoy,2026-05-28 18:49:46+00:00
29,2026-06-04 02:00:00+00:00,2.298,,6.25,319.6804,319.6804,,,,,,,offshore_buoy,2026-05-28 18:49:46+00:00
29,2026-06-04 03:00:00+00:00,2.188,,6.6667,319.9033,319.9033,,,,,,,offshore_buoy,2026-05-28 18:49:46+00:00
29,2026-06-04 04:00:00+00:00,2.2142,,6.6667,319.7773,319.7773,,,,,,,offshore_buoy,2026-05-28 18:49:46+00:00
29,2026-06-04 05:00:00+00:00,2.2294,,6.25,324.6491,324.6491,,,,,,,offshore_buoy,2026-05-28 18:49:46+00:00
29,2026-06-04 06:00:00+00:00,2.2036,,6.25,325.3993,325.3993,,,,,,,offshore_buoy,2026-05-28 18:49:46+00:00
29,2026-06-04 07:00:00+00:00,2.2001,,6.25,325.4012,325.4012,,,,,,,offshore_buoy,2026-05-28 18:49:46+00:00
29,2026-06-04 08:00:00+00:00,2.2611,,6.25,324.0598,324.0598,,,,,,,offshore_buoy,2026-05-28 18:49:46+00:00
29,2026-06-04 09:00:00+00:00,2.5257,,7.1429,316.2281,316.2281,,,,,,,offshore_buoy,2026-05-28 18:49:46+00:00
29,2026-06-04 10:00:00+00:00,2.5655,,7.1429,315.8857,315.8857,,,,,,,offshore_buoy,2026-05-28 18:49:46+00:00
29,2026-06-04 11:00:00+00:00,2.9997,,7.1429,322.5855,322.5855,,,,,,,offshore_buoy,2026-05-28 18:49:46+00:00
29,2026-06-04 12:00:00+00:00,3.0125,,7.1429,323.3687,323.3687,,,,,,,offshore_buoy,2026-05-28 18:49:46+00:00
29,2026-06-04 13:00:00+00:00,2.9856,,7.1429,323.3806,323.3806,,,,,,,offshore_buoy,2026-05-28 18:49:46+00:00
29,2026-06-04 14:00:00+00:00,3.0091,,7.1429,323.2525,323.2525,,,,,,,offshore_buoy,2026-05-28 18:49:46+00:00
29,2026-06-04 15:00:00+00:00,3.0015,,8.3333,312.0519,312.0519,,,,,,,offshore_buoy,2026-05-28 18:49:46+00:00
29,2026-06-04 16:00:00+00:00,3.1118,,8.3333,311.6333,311.6333,,,,,,,offshore_buoy,2026-05-28 18:49:46+00:00
29,2026-06-04 17:00:00+00:00,3.2255,,8.3333,312.471,312.471,,,,,,,offshore_buoy,2026-05-28 18:49:46+00:00
76,2026-05-28 07:00:00+00:00,1.7011,,11.7647,260.5212,260.5212,,,,,,,offshore_buoy,2026-05-28 18:49:46+00:00
76,2026-05-28 08:00:00+00:00,1.6818,,11.7647,260.2755,260.2755,,,,,,,offshore_buoy,2026-05-28 18:49:46+00:00
76,2026-05-28 09:00:00+00:00,1.6651,,11.7647,260.0009,260.0009,,,,,,,offshore_buoy,2026-05-28 18:49:46+00:00
76,2026-05-28 10:00:00+00:00,1.6503,,11.7647,259.7119,259.7119,,,,,,,offshore_buoy,2026-05-28 18:49:46+00:00
76,2026-05-28 11:00:00+00:00,1.6357,,11.7647,259.4434,259.4434,,,,,,,offshore_buoy,2026-05-28 18:49:46+00:00
76,2026-05-28 12:00:00+00:00,1.6203,,11.7647,259.1904,259.1904,,,,,,,offshore_buoy,2026-05-28 18:49:46+00:00
76,2026-05-28 13:00:00+00:00,1.6035,,11.7647,258.9486,258.9486,,,,,,,offshore_buoy,2026-05-28 18:49:46+00:00
76,2026-05-28 14:00:00+00:00,1.5863,,11.7647,258.7322,258.7322,,,,,,,offshore_buoy,2026-05-28 18:49:46+00:00
76,2026-05-28 15:00:00+00:00,1.5689,,11.7647,258.4916,258.4916,,,,,,,offshore_buoy,2026-05-28 18:49:46+00:00
76,2026-05-28 16:00:00+00:00,1.5528,,11.7647,258.24,258.24,,,,,,,offshore_buoy,2026-05-28 18:49:46+00:00
76,2026-05-28 17:00:00+00:00,1.5384,,11.7647,257.9212,257.9212,,,,,,,offshore_buoy,2026-05-28 18:49:46+00:00
76,2026-05-28 18:00:00+00:00,1.5283,,11.7647,257.5845,257.5845,,,,,,,offshore_buoy,2026-05-28 18:49:46+00:00
76,2026-05-28 19:00:00+00:00,1.5243,,20.0,249.227,249.227,,,,,,,offshore_buoy,2026-05-28 18:49:46+00:00
76,2026-05-28 20:00:00+00:00,1.5279,,20.0,249.6249,249.6249,,,,,,,offshore_buoy,2026-05-28 18:49:46+00:00
76,2026-05-28 21:00:00+00:00,1.5362,,20.0,250.0121,250.0121,,,,,,,offshore_buoy,2026-05-28 18:49:46+00:00
76,2026-05-28 22:00:00+00:00,1.5477,,20.0,250.3689,250.3689,,,,,,,offshore_buoy,2026-05-28 18:49:46+00:00
76,2026-05-28 23:00:00+00:00,1.5617,,20.0,250.6839,250.6839,,,,,,,offshore_buoy,2026-05-28 18:49:46+00:00
76,2026-05-29 00:00:00+00:00,1.5772,,20.0,250.9384,250.9384,,,,,,,offshore_buoy,2026-05-28 18:49:46+00:00
76,2026-05-29 01:00:00+00:00,1.5922,,18.1818,251.6301,251.6301,,,,,,,offshore_buoy,2026-05-28 18:49:46+00:00
76,2026-05-29 02:00:00+00:00,1.6058,,18.1818,252.0561,252.0561,,,,,,,offshore_buoy,2026-05-28 18:49:46+00:00
76,2026-05-29 03:00:00+00:00,1.6182,,18.1818,252.4443,252.4443,,,,,,,offshore_buoy,2026-05-28 18:49:46+00:00
76,2026-05-29 04:00:00+00:00,1.6296,,18.1818,252.7807,252.7807,,,,,,,offshore_buoy,2026-05-28 18:49:46+00:00
76,2026-05-29 05:00:00+00:00,1.6403,,18.1818,253.0578,253.0578,,,,,,,offshore_buoy,2026-05-28 18:49:46+00:00
76,2026-05-29 06:00:00+00:00,1.6492,,18.1818,253.2641,253.2641,,,,,,,offshore_buoy,2026-05-28 18:49:46+00:00
76,2026-05-29 07:00:00+00:00,1.6549,,18.1818,253.4042,253.4042,,,,,,,offshore_buoy,2026-05-28 18:49:46+00:00
76,2026-05-29 08:00:00+00:00,1.6564,,18.1818,253.4695,253.4695,,,,,,,offshore_buoy,2026-05-28 18:49:46+00:00
76,2026-05-29 09:00:00+00:00,1.6542,,18.1818,253.4766,253.4766,,,,,,,offshore_buoy,2026-05-28 18:49:46+00:00
76,2026-05-29 10:00:00+00:00,1.6482,,16.6667,254.7204,254.7204,,,,,,,offshore_buoy,2026-05-28 18:49:46+00:00
76,2026-05-29 11:00:00+00:00,1.6392,,16.6667,254.822,254.822,,,,,,,offshore_buoy,2026-05-28 18:49:46+00:00
76,2026-05-29 12:00:00+00:00,1.6279,,16.6667,254.8748,254.8748,,,,,,,offshore_buoy,2026-05-28 18:49:46+00:00
76,2026-05-29 13:00:00+00:00,1.6158,,16.6667,254.8939,254.8939,,,,,,,offshore_buoy,2026-05-28 18:49:46+00:00
76,2026-05-29 14:00:00+00:00,1.6023,,16.6667,254.8926,254.8926,,,,,,,offshore_buoy,2026-05-28 18:49:46+00:00
76,2026-05-29 15:00:00+00:00,1.5874,,16.6667,254.8779,254.8779,,,,,,,offshore_buoy,2026-05-28 18:49:46+00:00
76,2026-05-29 16:00:00+00:00,1.5709,,16.6667,254.8482,254.8482,,,,,,,offshore_buoy,2026-05-28 18:49:46+00:00
76,2026-05-29 17:00:00+00:00,1.5533,,16.6667,254.8089,254.8089,,,,,,,offshore_buoy,2026-05-28 18:49:46+00:00
76,2026-05-29 18:00:00+00:00,1.5351,,16.6667,254.7619,254.7619,,,,,,,offshore_buoy,2026-05-28 18:49:46+00:00
76,2026-05-29 19:00:00+00:00,1.5159,,16.6667,254.7199,254.7199,,,,,,,offshore_buoy,2026-05-28 18:49:46+00:00
76,2026-05-29 20:00:00+00:00,1.4962,,16.6667,254.6842,254.6842,,,,,,,offshore_buoy,2026-05-28 18:49:46+00:00
76,2026-05-29 21:00:00+00:00,1.4773,,16.6667,254.6546,254.6546,,,,,,,offshore_buoy,2026-05-28 18:49:46+00:00
76,2026-05-29 22:00:00+00:00,1.4617,,16.6667,254.6198,254.6198,,,,,,,offshore_buoy,2026-05-28 18:49:46+00:00
76,2026-05-29 23:00:00+00:00,1.4504,,16.6667,254.5679,254.5679,,,,,,,offshore_buoy,2026-05-28 18:49:46+00:00
76,2026-05-30 00:00:00+00:00,1.442,,16.6667,254.4844,254.4844,,,,,,,offshore_buoy,2026-05-28 18:49:46+00:00
76,2026-05-30 01:00:00+00:00,1.4369,,16.6667,254.3653,254.3653,,,,,,,offshore_buoy,2026-05-28 18:49:46+00:00
76,2026-05-30 02:00:00+00:00,1.4359,,16.6667,254.2023,254.2023,,,,,,,offshore_buoy,2026-05-28 18:49:46+00:00
76,2026-05-30 03:00:00+00:00,1.439,,16.6667,253.9877,253.9877,,,,,,,offshore_buoy,2026-05-28 18:49:46+00:00
76,2026-05-30 04:00:00+00:00,1.4424,,15.3846,254.0236,254.0236,,,,,,,offshore_buoy,2026-05-28 18:49:46+00:00
76,2026-05-30 05:00:00+00:00,1.4454,,15.3846,253.9212,253.9212,,,,,,,offshore_buoy,2026-05-28 18:49:46+00:00
76,2026-05-30 06:00:00+00:00,1.4503,,15.3846,253.7722,253.7722,,,,,,,offshore_buoy,2026-05-28 18:49:46+00:00
76,2026-05-30 07:00:00+00:00,1.4603,,15.3846,253.5681,253.5681,,,,,,,offshore_buoy,2026-05-28 18:49:46+00:00
76,2026-05-30 08:00:00+00:00,1.4763,,15.3846,253.315,253.315,,,,,,,offshore_buoy,2026-05-28 18:49:46+00:00
76,2026-05-30 09:00:00+00:00,1.4992,,15.3846,253.0106,253.0106,,,,,,,offshore_buoy,2026-05-28 18:49:46+00:00
76,2026-05-30 10:00:00+00:00,1.5245,,15.3846,252.6532,252.6532,,,,,,,offshore_buoy,2026-05-28 18:49:46+00:00
76,2026-05-30 11:00:00+00:00,1.5445,,15.3846,252.2483,252.2483,,,,,,,offshore_buoy,2026-05-28 18:49:46+00:00
76,2026-05-30 12:00:00+00:00,1.5516,,15.3846,251.8024,251.8024,,,,,,,offshore_buoy,2026-05-28 18:49:46+00:00
76,2026-05-30 13:00:00+00:00,1.5461,,15.3846,251.3146,251.3146,,,,,,,offshore_buoy,2026-05-28 18:49:46+00:00
76,2026-05-30 14:00:00+00:00,1.5329,,15.3846,250.7947,250.7947,,,,,,,offshore_buoy,2026-05-28 18:49:46+00:00
76,2026-05-30 15:00:00+00:00,1.5194,,14.2857,251.7469,251.7469,,,,,,,offshore_buoy,2026-05-28 18:49:46+00:00
76,2026-05-30 16:00:00+00:00,1.5115,,14.2857,251.3748,251.3748,,,,,,,offshore_buoy,2026-05-28 18:49:46+00:00
76,2026-05-30 17:00:00+00:00,1.5137,,14.2857,250.9407,250.9407,,,,,,,offshore_buoy,2026-05-28 18:49:46+00:00
76,2026-05-30 18:00:00+00:00,1.5283,,14.2857,250.4375,250.4375,,,,,,,offshore_buoy,2026-05-28 18:49:46+00:00
76,2026-05-30 19:00:00+00:00,1.5533,,13.3333,252.1147,252.1147,,,,,,,offshore_buoy,2026-05-28 18:49:46+00:00
76,2026-05-30 20:00:00+00:00,1.5833,,13.3333,251.6918,251.6918,,,,,,,offshore_buoy,2026-05-28 18:49:46+00:00
76,2026-05-30 21:00:00+00:00,1.6129,,13.3333,251.2346,251.2346,,,,,,,offshore_buoy,2026-05-28 18:49:46+00:00
76,2026-05-30 22:00:00+00:00,1.6396,,13.3333,250.7895,250.7895,,,,,,,offshore_buoy,2026-05-28 18:49:46+00:00
76,2026-05-30 23:00:00+00:00,1.6617,,13.3333,250.3457,250.3457,,,,,,,offshore_buoy,2026-05-28 18:49:46+00:00
76,2026-05-31 00:00:00+00:00,1.6805,,13.3333,249.8775,249.8775,,,,,,,offshore_buoy,2026-05-28 18:49:46+00:00
76,2026-05-31 01:00:00+00:00,1.6984,,13.3333,249.4214,249.4214,,,,,,,offshore_buoy,2026-05-28 18:49:46+00:00
76,2026-05-31 02:00:00+00:00,1.7195,,13.3333,248.9901,248.9901,,,,,,,offshore_buoy,2026-05-28 18:49:46+00:00
76,2026-05-31 03:00:00+00:00,1.745,,8.3333,274.6487,274.6487,,,,,,,offshore_buoy,2026-05-28 18:49:46+00:00
76,2026-05-31 04:00:00+00:00,1.7734,,8.3333,274.69,274.69,,,,,,,offshore_buoy,2026-05-28 18:49:46+00:00
76,2026-05-31 05:00:00+00:00,1.8003,,8.3333,274.7006,274.7006,,,,,,,offshore_buoy,2026-05-28 18:49:46+00:00
76,2026-05-31 06:00:00+00:00,1.8213,,8.3333,274.6887,274.6887,,,,,,,offshore_buoy,2026-05-28 18:49:46+00:00
76,2026-05-31 07:00:00+00:00,1.8327,,8.3333,274.6396,274.6396,,,,,,,offshore_buoy,2026-05-28 18:49:46+00:00
76,2026-05-31 08:00:00+00:00,1.833,,8.3333,274.5716,274.5716,,,,,,,offshore_buoy,2026-05-28 18:49:46+00:00
76,2026-05-31 09:00:00+00:00,1.8247,,9.0909,270.1608,270.1608,,,,,,,offshore_buoy,2026-05-28 18:49:46+00:00
76,2026-05-31 10:00:00+00:00,1.8119,,9.8717,265.6368,265.6368,,,,,,,offshore_buoy,2026-05-28 18:49:46+00:00
76,2026-05-31 11:00:00+00:00,1.7985,,9.8717,265.8235,265.8235,,,,,,,offshore_buoy,2026-05-28 18:49:46+00:00
76,2026-05-31 12:00:00+00:00,1.7848,,9.8717,265.9984,265.9984,,,,,,,offshore_buoy,2026-05-28 18:49:46+00:00
76,2026-05-31 13:00:00+00:00,1.7703,,9.8717,266.1604,266.1604,,,,,,,offshore_buoy,2026-05-28 18:49:46+00:00
76,2026-05-31 14:00:00+00:00,1.7552,,9.8717,266.3123,266.3123,,,,,,,offshore_buoy,2026-05-28 18:49:46+00:00
76,2026-05-31 15:00:00+00:00,1.7412,,9.8717,266.4568,266.4568,,,,,,,offshore_buoy,2026-05-28 18:49:46+00:00
76,2026-05-31 16:00:00+00:00,1.7301,,9.8717,266.5806,266.5806,,,,,,,offshore_buoy,2026-05-28 18:49:46+00:00
76,2026-05-31 17:00:00+00:00,1.7234,,9.8717,266.6822,266.6822,,,,,,,offshore_buoy,2026-05-28 18:49:46+00:00
76,2026-05-31 18:00:00+00:00,1.7209,,10.5263,263.9074,263.9074,,,,,,,offshore_buoy,2026-05-28 18:49:46+00:00
76,2026-05-31 19:00:00+00:00,1.7197,,10.5263,264.0628,264.0628,,,,,,,offshore_buoy,2026-05-28 18:49:46+00:00
76,2026-05-31 20:00:00+00:00,1.7219,,10.5263,264.1638,264.1638,,,,,,,offshore_buoy,2026-05-28 18:49:46+00:00
76,2026-05-31 21:00:00+00:00,1.734,,22.2222,226.7346,226.7346,,,,,,,offshore_buoy,2026-05-28 18:49:46+00:00
76,2026-05-31 22:00:00+00:00,1.7393,,10.5263,264.6214,264.6214,,,,,,,offshore_buoy,2026-05-28 18:49:46+00:00
76,2026-05-31 23:00:00+00:00,1.7315,,10.5263,264.7197,264.7197,,,,,,,offshore_buoy,2026-05-28 18:49:46+00:00
76,2026-06-01 00:00:00+00:00,1.7397,,22.2222,226.8396,226.8396,,,,,,,offshore_buoy,2026-05-28 18:49:46+00:00
76,2026-06-01 01:00:00+00:00,1.7332,,22.2222,226.8374,226.8374,,,,,,,offshore_buoy,2026-05-28 18:49:46+00:00
76,2026-06-01 02:00:00+00:00,1.731,,22.2222,226.8,226.8,,,,,,,offshore_buoy,2026-05-28 18:49:46+00:00
76,2026-06-01 03:00:00+00:00,1.7464,,20.0,227.0596,227.0596,,,,,,,offshore_buoy,2026-05-28 18:49:46+00:00
76,2026-06-01 04:00:00+00:00,1.7461,,20.0,226.9791,226.9791,,,,,,,offshore_buoy,2026-05-28 18:49:46+00:00
76,2026-06-01 05:00:00+00:00,1.7614,,20.0,227.0427,227.0427,,,,,,,offshore_buoy,2026-05-28 18:49:46+00:00
76,2026-06-01 06:00:00+00:00,1.7709,,20.0,227.0907,227.0907,,,,,,,offshore_buoy,2026-05-28 18:49:46+00:00
76,2026-06-01 07:00:00+00:00,1.7742,,20.0,227.0653,227.0653,,,,,,,offshore_buoy,2026-05-28 18:49:46+00:00
76,2026-06-01 08:00:00+00:00,1.7852,,20.0,227.0731,227.0731,,,,,,,offshore_buoy,2026-05-28 18:49:46+00:00
76,2026-06-01 09:00:00+00:00,1.7862,,20.0,227.0593,227.0593,,,,,,,offshore_buoy,2026-05-28 18:49:46+00:00
76,2026-06-01 10:00:00+00:00,1.78,,20.0,227.0417,227.0417,,,,,,,offshore_buoy,2026-05-28 18:49:46+00:00
76,2026-06-01 11:00:00+00:00,1.7722,,20.0,227.0442,227.0442,,,,,,,offshore_buoy,2026-05-28 18:49:46+00:00
76,2026-06-01 12:00:00+00:00,1.7663,,20.0,227.0906,227.0906,,,,,,,offshore_buoy,2026-05-28 18:49:46+00:00
76,2026-06-01 13:00:00+00:00,1.7532,,20.0,227.1255,227.1255,,,,,,,offshore_buoy,2026-05-28 18:49:46+00:00
76,2026-06-01 14:00:00+00:00,1.7319,,20.0,227.099,227.099,,,,,,,offshore_buoy,2026-05-28 18:49:46+00:00
76,2026-06-01 15:00:00+00:00,1.7116,,20.0,227.1871,227.1871,,,,,,,offshore_buoy,2026-05-28 18:49:46+00:00
76,2026-06-01 16:00:00+00:00,1.6947,,20.0,227.2534,227.2534,,,,,,,offshore_buoy,2026-05-28 18:49:46+00:00
76,2026-06-01 17:00:00+00:00,1.6661,,20.0,227.2211,227.2211,,,,,,,offshore_buoy,2026-05-28 18:49:46+00:00
76,2026-06-01 18:00:00+00:00,1.6424,,20.0,227.3683,227.3683,,,,,,,offshore_buoy,2026-05-28 18:49:46+00:00
76,2026-06-01 19:00:00+00:00,1.6295,,20.0,227.4522,227.4522,,,,,,,offshore_buoy,2026-05-28 18:49:46+00:00
76,2026-06-01 20:00:00+00:00,1.6049,,20.0,227.4072,227.4072,,,,,,,offshore_buoy,2026-05-28 18:49:46+00:00
76,2026-06-01 21:00:00+00:00,1.5876,,20.0,227.5354,227.5354,,,,,,,offshore_buoy,2026-05-28 18:49:46+00:00
76,2026-06-01 22:00:00+00:00,1.5772,,18.1818,226.7858,226.7858,,,,,,,offshore_buoy,2026-05-28 18:49:46+00:00
76,2026-06-01 23:00:00+00:00,1.5582,,18.1818,226.8192,226.8192,,,,,,,offshore_buoy,2026-05-28 18:49:46+00:00
76,2026-06-02 00:00:00+00:00,1.5428,,18.1818,226.9208,226.9208,,,,,,,offshore_buoy,2026-05-28 18:49:46+00:00
76,2026-06-02 01:00:00+00:00,1.5321,,18.1818,226.963,226.963,,,,,,,offshore_buoy,2026-05-28 18:49:46+00:00
76,2026-06-02 02:00:00+00:00,1.5204,,18.1818,226.9818,226.9818,,,,,,,offshore_buoy,2026-05-28 18:49:46+00:00
76,2026-06-02 03:00:00+00:00,1.5099,,18.1818,227.0524,227.0524,,,,,,,offshore_buoy,2026-05-28 18:49:46+00:00
76,2026-06-02 04:00:00+00:00,1.4993,,18.1818,227.1057,227.1057,,,,,,,offshore_buoy,2026-05-28 18:49:46+00:00
76,2026-06-02 05:00:00+00:00,1.494,,18.1818,227.1035,227.1035,,,,,,,offshore_buoy,2026-05-28 18:49:46+00:00
76,2026-06-02 06:00:00+00:00,1.4899,,18.1818,227.125,227.125,,,,,,,offshore_buoy,2026-05-28 18:49:46+00:00
76,2026-06-02 07:00:00+00:00,1.4779,,18.1818,227.182,227.182,,,,,,,offshore_buoy,2026-05-28 18:49:46+00:00
76,2026-06-02 08:00:00+00:00,1.4705,,18.1818,227.1786,227.1786,,,,,,,offshore_buoy,2026-05-28 18:49:46+00:00
76,2026-06-02 09:00:00+00:00,1.4684,,18.1818,227.2557,227.2557,,,,,,,offshore_buoy,2026-05-28 18:49:46+00:00
76,2026-06-02 10:00:00+00:00,1.4552,,18.1818,227.33,227.33,,,,,,,offshore_buoy,2026-05-28 18:49:46+00:00
76,2026-06-02 11:00:00+00:00,1.4392,,18.1818,227.3145,227.3145,,,,,,,offshore_buoy,2026-05-28 18:49:46+00:00
76,2026-06-02 12:00:00+00:00,1.4209,,18.1818,227.3874,227.3874,,,,,,,offshore_buoy,2026-05-28 18:49:46+00:00
76,2026-06-02 13:00:00+00:00,1.4032,,18.1818,227.4541,227.4541,,,,,,,offshore_buoy,2026-05-28 18:49:46+00:00
76,2026-06-02 14:00:00+00:00,1.3804,,18.1818,227.4346,227.4346,,,,,,,offshore_buoy,2026-05-28 18:49:46+00:00
76,2026-06-02 15:00:00+00:00,1.3588,,18.1818,227.5663,227.5663,,,,,,,offshore_buoy,2026-05-28 18:49:46+00:00
76,2026-06-02 16:00:00+00:00,1.3429,,18.1818,227.6767,227.6767,,,,,,,offshore_buoy,2026-05-28 18:49:46+00:00
76,2026-06-02 17:00:00+00:00,1.3226,,18.1818,227.6468,227.6468,,,,,,,offshore_buoy,2026-05-28 18:49:46+00:00
76,2026-06-02 18:00:00+00:00,1.3081,,16.6667,226.9546,226.9546,,,,,,,offshore_buoy,2026-05-28 18:49:46+00:00
76,2026-06-02 19:00:00+00:00,1.2973,,16.6667,227.0782,227.0782,,,,,,,offshore_buoy,2026-05-28 18:49:46+00:00
76,2026-06-02 20:00:00+00:00,1.2866,,16.6667,227.0789,227.0789,,,,,,,offshore_buoy,2026-05-28 18:49:46+00:00
76,2026-06-02 21:00:00+00:00,1.2766,,16.6667,227.1873,227.1873,,,,,,,offshore_buoy,2026-05-28 18:49:46+00:00
76,2026-06-02 22:00:00+00:00,1.2668,,16.6667,227.321,227.321,,,,,,,offshore_buoy,2026-05-28 18:49:46+00:00
76,2026-06-02 23:00:00+00:00,1.2609,,16.6667,227.3048,227.3048,,,,,,,offshore_buoy,2026-05-28 18:49:46+00:00
76,2026-06-03 00:00:00+00:00,1.2575,,16.6667,227.3118,227.3118,,,,,,,offshore_buoy,2026-05-28 18:49:46+00:00
76,2026-06-03 01:00:00+00:00,1.2457,,16.6667,227.3953,227.3953,,,,,,,offshore_buoy,2026-05-28 18:49:46+00:00
76,2026-06-03 02:00:00+00:00,1.241,,16.6667,227.3882,227.3882,,,,,,,offshore_buoy,2026-05-28 18:49:46+00:00
76,2026-06-03 03:00:00+00:00,1.2386,,16.6667,227.1343,227.1343,,,,,,,offshore_buoy,2026-05-28 18:49:46+00:00
76,2026-06-03 04:00:00+00:00,1.2468,,16.6667,227.4805,227.4805,,,,,,,offshore_buoy,2026-05-28 18:49:46+00:00
76,2026-06-03 05:00:00+00:00,1.2641,,16.6667,227.6168,227.6168,,,,,,,offshore_buoy,2026-05-28 18:49:46+00:00
76,2026-06-03 06:00:00+00:00,1.3057,,16.6667,227.5128,227.5128,,,,,,,offshore_buoy,2026-05-28 18:49:46+00:00
76,2026-06-03 07:00:00+00:00,1.3139,,16.6667,227.4345,227.4345,,,,,,,offshore_buoy,2026-05-28 18:49:46+00:00
76,2026-06-03 08:00:00+00:00,1.3116,,16.6667,227.4323,227.4323,,,,,,,offshore_buoy,2026-05-28 18:49:46+00:00
76,2026-06-03 09:00:00+00:00,1.3677,,16.6667,227.3256,227.3256,,,,,,,offshore_buoy,2026-05-28 18:49:46+00:00
76,2026-06-03 10:00:00+00:00,1.4244,,16.6667,227.8224,227.8224,,,,,,,offshore_buoy,2026-05-28 18:49:46+00:00
76,2026-06-03 11:00:00+00:00,1.4038,,15.3846,226.2243,226.2243,,,,,,,offshore_buoy,2026-05-28 18:49:46+00:00
76,2026-06-03 12:00:00+00:00,1.3965,,15.3846,226.1277,226.1277,,,,,,,offshore_buoy,2026-05-28 18:49:46+00:00
76,2026-06-03 13:00:00+00:00,1.3523,,15.3846,226.0972,226.0972,,,,,,,offshore_buoy,2026-05-28 18:49:46+00:00
76,2026-06-03 14:00:00+00:00,1.3526,,15.3846,226.0838,226.0838,,,,,,,offshore_buoy,2026-05-28 18:49:46+00:00
76,2026-06-03 15:00:00+00:00,1.3696,,15.3846,226.0364,226.0364,,,,,,,offshore_buoy,2026-05-28 18:49:46+00:00
76,2026-06-03 16:00:00+00:00,1.4337,,15.3846,226.1534,226.1534,,,,,,,offshore_buoy,2026-05-28 18:49:46+00:00
76,2026-06-03 17:00:00+00:00,1.4324,,15.3846,226.3845,226.3845,,,,,,,offshore_buoy,2026-05-28 18:49:46+00:00
76,2026-06-03 18:00:00+00:00,1.4374,,15.3846,226.5161,226.5161,,,,,,,offshore_buoy,2026-05-28 18:49:46+00:00
76,2026-06-03 19:00:00+00:00,1.4114,,15.3846,226.4563,226.4563,,,,,,,offshore_buoy,2026-05-28 18:49:46+00:00
76,2026-06-03 20:00:00+00:00,1.4299,,15.3846,226.4485,226.4485,,,,,,,offshore_buoy,2026-05-28 18:49:46+00:00
76,2026-06-03 21:00:00+00:00,1.4274,,15.3846,226.6152,226.6152,,,,,,,offshore_buoy,2026-05-28 18:49:46+00:00
76,2026-06-03 22:00:00+00:00,1.5076,,7.1429,281.0015,281.0015,,,,,,,offshore_buoy,2026-05-28 18:49:46+00:00
76,2026-06-03 23:00:00+00:00,1.5934,,7.1429,280.4319,280.4319,,,,,,,offshore_buoy,2026-05-28 18:49:46+00:00
76,2026-06-04 00:00:00+00:00,1.6674,,7.6923,277.7646,277.7646,,,,,,,offshore_buoy,2026-05-28 18:49:46+00:00
76,2026-06-04 01:00:00+00:00,1.6828,,7.6923,277.95,277.95,,,,,,,offshore_buoy,2026-05-28 18:49:46+00:00
76,2026-06-04 02:00:00+00:00,1.727,,7.6923,278.963,278.963,,,,,,,offshore_buoy,2026-05-28 18:49:46+00:00
76,2026-06-04 03:00:00+00:00,1.7142,,7.6923,279.1844,279.1844,,,,,,,offshore_buoy,2026-05-28 18:49:46+00:00
76,2026-06-04 04:00:00+00:00,1.8167,,7.6923,279.3265,279.3265,,,,,,,offshore_buoy,2026-05-28 18:49:46+00:00
76,2026-06-04 05:00:00+00:00,1.9182,,8.3333,274.5266,274.5266,,,,,,,offshore_buoy,2026-05-28 18:49:46+00:00
76,2026-06-04 06:00:00+00:00,1.8952,,8.3333,274.4613,274.4613,,,,,,,offshore_buoy,2026-05-28 18:49:46+00:00
76,2026-06-04 07:00:00+00:00,1.8192,,7.6923,278.1111,278.1111,,,,,,,offshore_buoy,2026-05-28 18:49:46+00:00
76,2026-06-04 08:00:00+00:00,1.8232,,7.6923,279.1269,279.1269,,,,,,,offshore_buoy,2026-05-28 18:49:46+00:00
76,2026-06-04 09:00:00+00:00,1.7371,,7.6923,279.5291,279.5291,,,,,,,offshore_buoy,2026-05-28 18:49:46+00:00
76,2026-06-04 10:00:00+00:00,1.8388,,7.6923,279.7033,279.7033,,,,,,,offshore_buoy,2026-05-28 18:49:46+00:00
76,2026-06-04 11:00:00+00:00,1.829,,7.6923,279.2976,279.2976,,,,,,,offshore_buoy,2026-05-28 18:49:46+00:00
76,2026-06-04 12:00:00+00:00,1.7506,,8.3333,274.7297,274.7297,,,,,,,offshore_buoy,2026-05-28 18:49:46+00:00
76,2026-06-04 13:00:00+00:00,1.6797,,7.6923,278.2567,278.2567,,,,,,,offshore_buoy,2026-05-28 18:49:46+00:00
76,2026-06-04 14:00:00+00:00,1.6872,,7.6923,279.7464,279.7464,,,,,,,offshore_buoy,2026-05-28 18:49:46+00:00
76,2026-06-04 15:00:00+00:00,1.6556,,7.6923,280.1461,280.1461,,,,,,,offshore_buoy,2026-05-28 18:49:46+00:00
76,2026-06-04 16:00:00+00:00,1.7415,,7.6923,280.293,280.293,,,,,,,offshore_buoy,2026-05-28 18:49:46+00:00
76,2026-06-04 17:00:00+00:00,1.8127,,7.6923,279.489,279.489,,,,,,,offshore_buoy,2026-05-28 18:49:46+00:00
142,2026-05-28 07:00:00+00:00,1.923,,11.1111,270.4009,270.4009,,,,,,,offshore_buoy,2026-05-28 18:49:46+00:00
142,2026-05-28 08:00:00+00:00,1.8766,,11.1111,270.1288,270.1288,,,,,,,offshore_buoy,2026-05-28 18:49:46+00:00
142,2026-05-28 09:00:00+00:00,1.8359,,11.1111,269.8709,269.8709,,,,,,,offshore_buoy,2026-05-28 18:49:46+00:00
142,2026-05-28 10:00:00+00:00,1.8019,,11.1111,269.5787,269.5787,,,,,,,offshore_buoy,2026-05-28 18:49:46+00:00
142,2026-05-28 11:00:00+00:00,1.7774,,11.1111,269.3056,269.3056,,,,,,,offshore_buoy,2026-05-28 18:49:46+00:00
142,2026-05-28 12:00:00+00:00,1.7629,,11.1111,269.0518,269.0518,,,,,,,offshore_buoy,2026-05-28 18:49:46+00:00
142,2026-05-28 13:00:00+00:00,1.759,,11.1111,268.8477,268.8477,,,,,,,offshore_buoy,2026-05-28 18:49:46+00:00
142,2026-05-28 14:00:00+00:00,1.7619,,20.0,247.8204,247.8204,,,,,,,offshore_buoy,2026-05-28 18:49:46+00:00
142,2026-05-28 15:00:00+00:00,1.7693,,20.0,247.9867,247.9867,,,,,,,offshore_buoy,2026-05-28 18:49:46+00:00
142,2026-05-28 16:00:00+00:00,1.7784,,20.0,248.1775,248.1775,,,,,,,offshore_buoy,2026-05-28 18:49:46+00:00
142,2026-05-28 17:00:00+00:00,1.7863,,20.0,248.4005,248.4005,,,,,,,offshore_buoy,2026-05-28 18:49:46+00:00
142,2026-05-28 18:00:00+00:00,1.7866,,20.0,248.6676,248.6676,,,,,,,offshore_buoy,2026-05-28 18:49:46+00:00
142,2026-05-28 19:00:00+00:00,1.7784,,20.0,248.9557,248.9557,,,,,,,offshore_buoy,2026-05-28 18:49:46+00:00
142,2026-05-28 20:00:00+00:00,1.7652,,18.1818,251.6762,251.6762,,,,,,,offshore_buoy,2026-05-28 18:49:46+00:00
142,2026-05-28 21:00:00+00:00,1.7497,,18.1818,251.746,251.746,,,,,,,offshore_buoy,2026-05-28 18:49:46+00:00
142,2026-05-28 22:00:00+00:00,1.7325,,18.1818,251.8264,251.8264,,,,,,,offshore_buoy,2026-05-28 18:49:46+00:00
142,2026-05-28 23:00:00+00:00,1.7147,,18.1818,251.8876,251.8876,,,,,,,offshore_buoy,2026-05-28 18:49:46+00:00
142,2026-05-29 00:00:00+00:00,1.6981,,18.1818,251.9284,251.9284,,,,,,,offshore_buoy,2026-05-28 18:49:46+00:00
142,2026-05-29 01:00:00+00:00,1.6827,,18.1818,251.9796,251.9796,,,,,,,offshore_buoy,2026-05-28 18:49:46+00:00
142,2026-05-29 02:00:00+00:00,1.669,,18.1818,252.0453,252.0453,,,,,,,offshore_buoy,2026-05-28 18:49:46+00:00
142,2026-05-29 03:00:00+00:00,1.6568,,18.1818,252.1225,252.1225,,,,,,,offshore_buoy,2026-05-28 18:49:46+00:00
142,2026-05-29 04:00:00+00:00,1.6457,,18.1818,252.1747,252.1747,,,,,,,offshore_buoy,2026-05-28 18:49:46+00:00
142,2026-05-29 05:00:00+00:00,1.6368,,16.6667,254.9499,254.9499,,,,,,,offshore_buoy,2026-05-28 18:49:46+00:00
142,2026-05-29 06:00:00+00:00,1.6312,,16.6667,255.143,255.143,,,,,,,offshore_buoy,2026-05-28 18:49:46+00:00
142,2026-05-29 07:00:00+00:00,1.6308,,16.6667,255.3296,255.3296,,,,,,,offshore_buoy,2026-05-28 18:49:46+00:00
142,2026-05-29 08:00:00+00:00,1.6347,,16.6667,255.4874,255.4874,,,,,,,offshore_buoy,2026-05-28 18:49:46+00:00
142,2026-05-29 09:00:00+00:00,1.6424,,16.6667,255.6135,255.6135,,,,,,,offshore_buoy,2026-05-28 18:49:46+00:00
142,2026-05-29 10:00:00+00:00,1.6527,,16.6667,255.695,255.695,,,,,,,offshore_buoy,2026-05-28 18:49:46+00:00
142,2026-05-29 11:00:00+00:00,1.6644,,16.6667,255.7339,255.7339,,,,,,,offshore_buoy,2026-05-28 18:49:46+00:00
142,2026-05-29 12:00:00+00:00,1.6774,,16.6667,255.727,255.727,,,,,,,offshore_buoy,2026-05-28 18:49:46+00:00
142,2026-05-29 13:00:00+00:00,1.6909,,15.3846,257.2183,257.2183,,,,,,,offshore_buoy,2026-05-28 18:49:46+00:00
142,2026-05-29 14:00:00+00:00,1.7042,,15.3846,257.3882,257.3882,,,,,,,offshore_buoy,2026-05-28 18:49:46+00:00
142,2026-05-29 15:00:00+00:00,1.7155,,15.3846,257.5173,257.5173,,,,,,,offshore_buoy,2026-05-28 18:49:46+00:00
142,2026-05-29 16:00:00+00:00,1.7228,,15.3846,257.6021,257.6021,,,,,,,offshore_buoy,2026-05-28 18:49:46+00:00
142,2026-05-29 17:00:00+00:00,1.7247,,15.3846,257.644,257.644,,,,,,,offshore_buoy,2026-05-28 18:49:46+00:00
142,2026-05-29 18:00:00+00:00,1.722,,15.3846,257.6311,257.6311,,,,,,,offshore_buoy,2026-05-28 18:49:46+00:00
142,2026-05-29 19:00:00+00:00,1.7162,,15.3846,257.5503,257.5503,,,,,,,offshore_buoy,2026-05-28 18:49:46+00:00
142,2026-05-29 20:00:00+00:00,1.7086,,15.3846,257.4148,257.4148,,,,,,,offshore_buoy,2026-05-28 18:49:46+00:00
142,2026-05-29 21:00:00+00:00,1.6993,,15.3846,257.228,257.228,,,,,,,offshore_buoy,2026-05-28 18:49:46+00:00
142,2026-05-29 22:00:00+00:00,1.6902,,15.3846,257.0076,257.0076,,,,,,,offshore_buoy,2026-05-28 18:49:46+00:00
142,2026-05-29 23:00:00+00:00,1.6818,,14.2857,259.2457,259.2457,,,,,,,offshore_buoy,2026-05-28 18:49:46+00:00
142,2026-05-30 00:00:00+00:00,1.6759,,14.2857,259.0299,259.0299,,,,,,,offshore_buoy,2026-05-28 18:49:46+00:00
142,2026-05-30 01:00:00+00:00,1.6716,,14.2857,258.7477,258.7477,,,,,,,offshore_buoy,2026-05-28 18:49:46+00:00
142,2026-05-30 02:00:00+00:00,1.67,,14.2857,258.4324,258.4324,,,,,,,offshore_buoy,2026-05-28 18:49:46+00:00
142,2026-05-30 03:00:00+00:00,1.6715,,14.2857,258.1102,258.1102,,,,,,,offshore_buoy,2026-05-28 18:49:46+00:00
142,2026-05-30 04:00:00+00:00,1.6775,,14.2857,257.7922,257.7922,,,,,,,offshore_buoy,2026-05-28 18:49:46+00:00
142,2026-05-30 05:00:00+00:00,1.689,,13.3333,262.5211,262.5211,,,,,,,offshore_buoy,2026-05-28 18:49:46+00:00
142,2026-05-30 06:00:00+00:00,1.7023,,13.3333,262.2755,262.2755,,,,,,,offshore_buoy,2026-05-28 18:49:46+00:00
142,2026-05-30 07:00:00+00:00,1.7171,,13.3333,262.0616,262.0616,,,,,,,offshore_buoy,2026-05-28 18:49:46+00:00
142,2026-05-30 08:00:00+00:00,1.7376,,13.3333,261.9128,261.9128,,,,,,,offshore_buoy,2026-05-28 18:49:46+00:00
142,2026-05-30 09:00:00+00:00,1.7726,,13.3333,261.8477,261.8477,,,,,,,offshore_buoy,2026-05-28 18:49:46+00:00
142,2026-05-30 10:00:00+00:00,1.8243,,13.3333,261.8196,261.8196,,,,,,,offshore_buoy,2026-05-28 18:49:46+00:00
142,2026-05-30 11:00:00+00:00,1.8859,,13.3333,261.7707,261.7707,,,,,,,offshore_buoy,2026-05-28 18:49:46+00:00
142,2026-05-30 12:00:00+00:00,1.9447,,13.3333,261.6725,261.6725,,,,,,,offshore_buoy,2026-05-28 18:49:46+00:00
142,2026-05-30 13:00:00+00:00,1.9896,,13.3333,261.5011,261.5011,,,,,,,offshore_buoy,2026-05-28 18:49:46+00:00
142,2026-05-30 14:00:00+00:00,2.017,,13.3333,261.259,261.259,,,,,,,offshore_buoy,2026-05-28 18:49:46+00:00
142,2026-05-30 15:00:00+00:00,2.0307,,13.3333,260.9315,260.9315,,,,,,,offshore_buoy,2026-05-28 18:49:46+00:00
142,2026-05-30 16:00:00+00:00,2.0327,,13.3333,260.5081,260.5081,,,,,,,offshore_buoy,2026-05-28 18:49:46+00:00
142,2026-05-30 17:00:00+00:00,2.0267,,12.5,265.4032,265.4032,,,,,,,offshore_buoy,2026-05-28 18:49:46+00:00
142,2026-05-30 18:00:00+00:00,2.0151,,12.5,265.1969,265.1969,,,,,,,offshore_buoy,2026-05-28 18:49:46+00:00
142,2026-05-30 19:00:00+00:00,2.0031,,12.5,264.9446,264.9446,,,,,,,offshore_buoy,2026-05-28 18:49:46+00:00
142,2026-05-30 20:00:00+00:00,1.9895,,12.5,264.6166,264.6166,,,,,,,offshore_buoy,2026-05-28 18:49:46+00:00
142,2026-05-30 21:00:00+00:00,1.9753,,12.5,264.2491,264.2491,,,,,,,offshore_buoy,2026-05-28 18:49:46+00:00
142,2026-05-30 22:00:00+00:00,1.9637,,12.5,263.8507,263.8507,,,,,,,offshore_buoy,2026-05-28 18:49:46+00:00
142,2026-05-30 23:00:00+00:00,1.9599,,12.5,263.4646,263.4646,,,,,,,offshore_buoy,2026-05-28 18:49:46+00:00
142,2026-05-31 00:00:00+00:00,1.9651,,12.5,263.0828,263.0828,,,,,,,offshore_buoy,2026-05-28 18:49:46+00:00
142,2026-05-31 01:00:00+00:00,1.9815,,12.5,262.7488,262.7488,,,,,,,offshore_buoy,2026-05-28 18:49:46+00:00
142,2026-05-31 02:00:00+00:00,2.0058,,12.5,262.4822,262.4822,,,,,,,offshore_buoy,2026-05-28 18:49:46+00:00
142,2026-05-31 03:00:00+00:00,2.034,,10.5263,270.084,270.084,,,,,,,offshore_buoy,2026-05-28 18:49:46+00:00
142,2026-05-31 04:00:00+00:00,2.0559,,10.5263,270.2393,270.2393,,,,,,,offshore_buoy,2026-05-28 18:49:46+00:00
142,2026-05-31 05:00:00+00:00,2.0698,,10.5263,270.4005,270.4005,,,,,,,offshore_buoy,2026-05-28 18:49:46+00:00
142,2026-05-31 06:00:00+00:00,2.0734,,10.5263,270.5616,270.5616,,,,,,,offshore_buoy,2026-05-28 18:49:46+00:00
142,2026-05-31 07:00:00+00:00,2.0724,,10.5263,270.7521,270.7521,,,,,,,offshore_buoy,2026-05-28 18:49:46+00:00
142,2026-05-31 08:00:00+00:00,2.0709,,10.5263,270.9869,270.9869,,,,,,,offshore_buoy,2026-05-28 18:49:46+00:00
142,2026-05-31 09:00:00+00:00,2.0735,,10.5263,271.2545,271.2545,,,,,,,offshore_buoy,2026-05-28 18:49:46+00:00
142,2026-05-31 10:00:00+00:00,2.0804,,10.5263,271.4966,271.4966,,,,,,,offshore_buoy,2026-05-28 18:49:46+00:00
142,2026-05-31 11:00:00+00:00,2.0907,,10.5263,271.706,271.706,,,,,,,offshore_buoy,2026-05-28 18:49:46+00:00
142,2026-05-31 12:00:00+00:00,2.1043,,10.5263,271.8881,271.8881,,,,,,,offshore_buoy,2026-05-28 18:49:46+00:00
142,2026-05-31 13:00:00+00:00,2.1225,,10.5263,272.0361,272.0361,,,,,,,offshore_buoy,2026-05-28 18:49:46+00:00
142,2026-05-31 14:00:00+00:00,2.1411,,10.5263,272.1715,272.1715,,,,,,,offshore_buoy,2026-05-28 18:49:46+00:00
142,2026-05-31 15:00:00+00:00,2.1529,,10.5263,272.2761,272.2761,,,,,,,offshore_buoy,2026-05-28 18:49:46+00:00
142,2026-05-31 16:00:00+00:00,2.1516,,10.5263,272.3632,272.3632,,,,,,,offshore_buoy,2026-05-28 18:49:46+00:00
142,2026-05-31 17:00:00+00:00,2.1355,,10.5263,272.4119,272.4119,,,,,,,offshore_buoy,2026-05-28 18:49:46+00:00
142,2026-05-31 18:00:00+00:00,2.1102,,10.5263,272.4339,272.4339,,,,,,,offshore_buoy,2026-05-28 18:49:46+00:00
142,2026-05-31 19:00:00+00:00,2.0897,,10.5263,272.4489,272.4489,,,,,,,offshore_buoy,2026-05-28 18:49:46+00:00
142,2026-05-31 20:00:00+00:00,2.069,,10.5263,272.438,272.438,,,,,,,offshore_buoy,2026-05-28 18:49:46+00:00
142,2026-05-31 21:00:00+00:00,2.0237,,10.5263,272.3976,272.3976,,,,,,,offshore_buoy,2026-05-28 18:49:46+00:00
142,2026-05-31 22:00:00+00:00,2.0098,,10.5263,272.4785,272.4785,,,,,,,offshore_buoy,2026-05-28 18:49:46+00:00
142,2026-05-31 23:00:00+00:00,1.9984,,10.5263,272.3504,272.3504,,,,,,,offshore_buoy,2026-05-28 18:49:46+00:00
142,2026-06-01 00:00:00+00:00,1.9794,,10.5263,272.2868,272.2868,,,,,,,offshore_buoy,2026-05-28 18:49:46+00:00
142,2026-06-01 01:00:00+00:00,1.9789,,10.5263,272.3553,272.3553,,,,,,,offshore_buoy,2026-05-28 18:49:46+00:00
142,2026-06-01 02:00:00+00:00,1.9724,,10.5263,272.1652,272.1652,,,,,,,offshore_buoy,2026-05-28 18:49:46+00:00
142,2026-06-01 03:00:00+00:00,1.9665,,10.5263,272.0724,272.0724,,,,,,,offshore_buoy,2026-05-28 18:49:46+00:00
142,2026-06-01 04:00:00+00:00,1.9718,,10.5263,272.2565,272.2565,,,,,,,offshore_buoy,2026-05-28 18:49:46+00:00
142,2026-06-01 05:00:00+00:00,1.9713,,10.5263,272.2256,272.2256,,,,,,,offshore_buoy,2026-05-28 18:49:46+00:00
142,2026-06-01 06:00:00+00:00,1.9452,,10.5263,272.1288,272.1288,,,,,,,offshore_buoy,2026-05-28 18:49:46+00:00
142,2026-06-01 07:00:00+00:00,1.9257,,10.5263,272.2774,272.2774,,,,,,,offshore_buoy,2026-05-28 18:49:46+00:00
142,2026-06-01 08:00:00+00:00,1.9172,,10.5263,272.3574,272.3574,,,,,,,offshore_buoy,2026-05-28 18:49:46+00:00
142,2026-06-01 09:00:00+00:00,1.8691,,20.0,226.5158,226.5158,,,,,,,offshore_buoy,2026-05-28 18:49:46+00:00
142,2026-06-01 10:00:00+00:00,1.8483,,20.0,226.1303,226.1303,,,,,,,offshore_buoy,2026-05-28 18:49:46+00:00
142,2026-06-01 11:00:00+00:00,1.8354,,20.0,225.6868,225.6868,,,,,,,offshore_buoy,2026-05-28 18:49:46+00:00
142,2026-06-01 12:00:00+00:00,1.7891,,20.0,226.0948,226.0948,,,,,,,offshore_buoy,2026-05-28 18:49:46+00:00
142,2026-06-01 13:00:00+00:00,1.7754,,20.0,225.7605,225.7605,,,,,,,offshore_buoy,2026-05-28 18:49:46+00:00
142,2026-06-01 14:00:00+00:00,1.7645,,20.0,225.37,225.37,,,,,,,offshore_buoy,2026-05-28 18:49:46+00:00
142,2026-06-01 15:00:00+00:00,1.7337,,20.0,225.6223,225.6223,,,,,,,offshore_buoy,2026-05-28 18:49:46+00:00
142,2026-06-01 16:00:00+00:00,1.7214,,20.0,225.401,225.401,,,,,,,offshore_buoy,2026-05-28 18:49:46+00:00
142,2026-06-01 17:00:00+00:00,1.711,,20.0,225.1514,225.1514,,,,,,,offshore_buoy,2026-05-28 18:49:46+00:00
142,2026-06-01 18:00:00+00:00,1.6873,,20.0,225.1501,225.1501,,,,,,,offshore_buoy,2026-05-28 18:49:46+00:00
142,2026-06-01 19:00:00+00:00,1.6769,,20.0,225.0338,225.0338,,,,,,,offshore_buoy,2026-05-28 18:49:46+00:00
142,2026-06-01 20:00:00+00:00,1.6682,,20.0,224.951,224.951,,,,,,,offshore_buoy,2026-05-28 18:49:46+00:00
142,2026-06-01 21:00:00+00:00,1.6436,,20.0,224.813,224.813,,,,,,,offshore_buoy,2026-05-28 18:49:46+00:00
142,2026-06-01 22:00:00+00:00,1.6325,,20.0,224.7439,224.7439,,,,,,,offshore_buoy,2026-05-28 18:49:46+00:00
142,2026-06-01 23:00:00+00:00,1.6248,,20.0,224.7639,224.7639,,,,,,,offshore_buoy,2026-05-28 18:49:46+00:00
142,2026-06-02 00:00:00+00:00,1.5897,,20.0,224.6301,224.6301,,,,,,,offshore_buoy,2026-05-28 18:49:46+00:00
142,2026-06-02 01:00:00+00:00,1.5734,,20.0,224.5864,224.5864,,,,,,,offshore_buoy,2026-05-28 18:49:46+00:00
142,2026-06-02 02:00:00+00:00,1.5647,,18.1818,224.2844,224.2844,,,,,,,offshore_buoy,2026-05-28 18:49:46+00:00
142,2026-06-02 03:00:00+00:00,1.5249,,18.1818,224.5586,224.5586,,,,,,,offshore_buoy,2026-05-28 18:49:46+00:00
142,2026-06-02 04:00:00+00:00,1.5055,,18.1818,224.443,224.443,,,,,,,offshore_buoy,2026-05-28 18:49:46+00:00
142,2026-06-02 05:00:00+00:00,1.4956,,18.1818,224.1919,224.1919,,,,,,,offshore_buoy,2026-05-28 18:49:46+00:00
142,2026-06-02 06:00:00+00:00,1.4669,,18.1818,224.3998,224.3998,,,,,,,offshore_buoy,2026-05-28 18:49:46+00:00
142,2026-06-02 07:00:00+00:00,1.4515,,18.1818,224.2824,224.2824,,,,,,,offshore_buoy,2026-05-28 18:49:46+00:00
142,2026-06-02 08:00:00+00:00,1.4428,,18.1818,224.0993,224.0993,,,,,,,offshore_buoy,2026-05-28 18:49:46+00:00
142,2026-06-02 09:00:00+00:00,1.4276,,18.1818,224.1535,224.1535,,,,,,,offshore_buoy,2026-05-28 18:49:46+00:00
142,2026-06-02 10:00:00+00:00,1.421,,18.1818,224.0503,224.0503,,,,,,,offshore_buoy,2026-05-28 18:49:46+00:00
142,2026-06-02 11:00:00+00:00,1.4163,,18.1818,223.9022,223.9022,,,,,,,offshore_buoy,2026-05-28 18:49:46+00:00
142,2026-06-02 12:00:00+00:00,1.4131,,18.1818,223.7823,223.7823,,,,,,,offshore_buoy,2026-05-28 18:49:46+00:00
142,2026-06-02 13:00:00+00:00,1.4116,,18.1818,223.6732,223.6732,,,,,,,offshore_buoy,2026-05-28 18:49:46+00:00
142,2026-06-02 14:00:00+00:00,1.4096,,18.1818,223.6048,223.6048,,,,,,,offshore_buoy,2026-05-28 18:49:46+00:00
142,2026-06-02 15:00:00+00:00,1.4105,,18.1818,223.2957,223.2957,,,,,,,offshore_buoy,2026-05-28 18:49:46+00:00
142,2026-06-02 16:00:00+00:00,1.4106,,18.1818,223.2008,223.2008,,,,,,,offshore_buoy,2026-05-28 18:49:46+00:00
142,2026-06-02 17:00:00+00:00,1.4131,,18.1818,223.251,223.251,,,,,,,offshore_buoy,2026-05-28 18:49:46+00:00
142,2026-06-02 18:00:00+00:00,1.4191,,18.1818,222.8691,222.8691,,,,,,,offshore_buoy,2026-05-28 18:49:46+00:00
142,2026-06-02 19:00:00+00:00,1.4171,,18.1818,222.8046,222.8046,,,,,,,offshore_buoy,2026-05-28 18:49:46+00:00
142,2026-06-02 20:00:00+00:00,1.414,,18.1818,222.9775,222.9775,,,,,,,offshore_buoy,2026-05-28 18:49:46+00:00
142,2026-06-02 21:00:00+00:00,1.406,,16.6667,221.6507,221.6507,,,,,,,offshore_buoy,2026-05-28 18:49:46+00:00
142,2026-06-02 22:00:00+00:00,1.3981,,16.6667,221.5636,221.5636,,,,,,,offshore_buoy,2026-05-28 18:49:46+00:00
142,2026-06-02 23:00:00+00:00,1.3954,,16.6667,221.1508,221.1508,,,,,,,offshore_buoy,2026-05-28 18:49:46+00:00
142,2026-06-03 00:00:00+00:00,1.3859,,16.6667,221.0435,221.0435,,,,,,,offshore_buoy,2026-05-28 18:49:46+00:00
142,2026-06-03 01:00:00+00:00,1.3838,,16.6667,220.9638,220.9638,,,,,,,offshore_buoy,2026-05-28 18:49:46+00:00
142,2026-06-03 02:00:00+00:00,1.395,,16.6667,220.6696,220.6696,,,,,,,offshore_buoy,2026-05-28 18:49:46+00:00
142,2026-06-03 03:00:00+00:00,1.3601,,16.6667,220.7067,220.7067,,,,,,,offshore_buoy,2026-05-28 18:49:46+00:00
142,2026-06-03 04:00:00+00:00,1.204,,16.6667,220.068,220.068,,,,,,,offshore_buoy,2026-05-28 18:49:46+00:00
142,2026-06-03 05:00:00+00:00,1.1824,,16.6667,220.4257,220.4257,,,,,,,offshore_buoy,2026-05-28 18:49:46+00:00
142,2026-06-03 06:00:00+00:00,1.405,,16.6667,220.7088,220.7088,,,,,,,offshore_buoy,2026-05-28 18:49:46+00:00
142,2026-06-03 07:00:00+00:00,1.4858,,16.6667,220.283,220.283,,,,,,,offshore_buoy,2026-05-28 18:49:46+00:00
142,2026-06-03 08:00:00+00:00,1.5624,,16.6667,219.0284,219.0284,,,,,,,offshore_buoy,2026-05-28 18:49:46+00:00
142,2026-06-03 09:00:00+00:00,1.5567,,16.6667,219.063,219.063,,,,,,,offshore_buoy,2026-05-28 18:49:46+00:00
142,2026-06-03 10:00:00+00:00,1.2584,,16.6667,219.1875,219.1875,,,,,,,offshore_buoy,2026-05-28 18:49:46+00:00
142,2026-06-03 11:00:00+00:00,1.1923,,16.6667,219.7163,219.7163,,,,,,,offshore_buoy,2026-05-28 18:49:46+00:00
142,2026-06-03 12:00:00+00:00,1.5026,,15.3846,218.1627,218.1627,,,,,,,offshore_buoy,2026-05-28 18:49:46+00:00
142,2026-06-03 13:00:00+00:00,1.5972,,15.3846,217.9775,217.9775,,,,,,,offshore_buoy,2026-05-28 18:49:46+00:00
142,2026-06-03 14:00:00+00:00,1.6811,,15.3846,217.6476,217.6476,,,,,,,offshore_buoy,2026-05-28 18:49:46+00:00
142,2026-06-03 15:00:00+00:00,1.6791,,15.3846,217.0612,217.0612,,,,,,,offshore_buoy,2026-05-28 18:49:46+00:00
142,2026-06-03 16:00:00+00:00,1.2927,,15.3846,215.9425,215.9425,,,,,,,offshore_buoy,2026-05-28 18:49:46+00:00
142,2026-06-03 17:00:00+00:00,1.214,,15.3846,217.3297,217.3297,,,,,,,offshore_buoy,2026-05-28 18:49:46+00:00
142,2026-06-03 18:00:00+00:00,1.5129,,15.3846,217.7839,217.7839,,,,,,,offshore_buoy,2026-05-28 18:49:46+00:00
142,2026-06-03 19:00:00+00:00,1.611,,15.3846,217.637,217.637,,,,,,,offshore_buoy,2026-05-28 18:49:46+00:00
142,2026-06-03 20:00:00+00:00,1.695,,15.3846,217.7679,217.7679,,,,,,,offshore_buoy,2026-05-28 18:49:46+00:00
142,2026-06-03 21:00:00+00:00,1.6876,,15.3846,217.1737,217.1737,,,,,,,offshore_buoy,2026-05-28 18:49:46+00:00
142,2026-06-03 22:00:00+00:00,1.2963,,15.3846,215.4635,215.4635,,,,,,,offshore_buoy,2026-05-28 18:49:46+00:00
142,2026-06-03 23:00:00+00:00,1.2357,,15.3846,217.6109,217.6109,,,,,,,offshore_buoy,2026-05-28 18:49:46+00:00
142,2026-06-04 00:00:00+00:00,1.6289,,7.1429,290.0843,290.0843,,,,,,,offshore_buoy,2026-05-28 18:49:46+00:00
142,2026-06-04 01:00:00+00:00,1.7589,,7.1429,289.4605,289.4605,,,,,,,offshore_buoy,2026-05-28 18:49:46+00:00
142,2026-06-04 02:00:00+00:00,1.8568,,7.1429,289.4704,289.4704,,,,,,,offshore_buoy,2026-05-28 18:49:46+00:00
142,2026-06-04 03:00:00+00:00,1.845,,15.3846,217.6368,217.6368,,,,,,,offshore_buoy,2026-05-28 18:49:46+00:00
142,2026-06-04 04:00:00+00:00,1.3725,,15.3846,214.7132,214.7132,,,,,,,offshore_buoy,2026-05-28 18:49:46+00:00
142,2026-06-04 05:00:00+00:00,1.2344,,15.3846,216.8385,216.8385,,,,,,,offshore_buoy,2026-05-28 18:49:46+00:00
142,2026-06-04 06:00:00+00:00,1.4507,,14.2857,219.6757,219.6757,,,,,,,offshore_buoy,2026-05-28 18:49:46+00:00
142,2026-06-04 07:00:00+00:00,1.5561,,14.2857,219.9514,219.9514,,,,,,,offshore_buoy,2026-05-28 18:49:46+00:00
142,2026-06-04 08:00:00+00:00,1.66,,14.2857,219.4223,219.4223,,,,,,,offshore_buoy,2026-05-28 18:49:46+00:00
142,2026-06-04 09:00:00+00:00,1.6734,,14.2857,219.3244,219.3244,,,,,,,offshore_buoy,2026-05-28 18:49:46+00:00
142,2026-06-04 10:00:00+00:00,1.3402,,14.2857,217.7122,217.7122,,,,,,,offshore_buoy,2026-05-28 18:49:46+00:00
142,2026-06-04 11:00:00+00:00,1.2893,,14.2857,219.3816,219.3816,,,,,,,offshore_buoy,2026-05-28 18:49:46+00:00
142,2026-06-04 12:00:00+00:00,1.8017,,7.6923,285.0672,285.0672,,,,,,,offshore_buoy,2026-05-28 18:49:46+00:00
142,2026-06-04 13:00:00+00:00,1.9072,,7.6923,284.5046,284.5046,,,,,,,offshore_buoy,2026-05-28 18:49:46+00:00
142,2026-06-04 14:00:00+00:00,1.9953,,7.6923,284.5098,284.5098,,,,,,,offshore_buoy,2026-05-28 18:49:46+00:00
142,2026-06-04 15:00:00+00:00,1.9801,,7.6923,283.9012,283.9012,,,,,,,offshore_buoy,2026-05-28 18:49:46+00:00
142,2026-06-04 16:00:00+00:00,1.3772,,20.0,232.7245,232.7245,,,,,,,offshore_buoy,2026-05-28 18:49:46+00:00
142,2026-06-04 17:00:00+00:00,1.4198,,20.0,234.2207,234.2207,,,,,,,offshore_buoy,2026-05-28 18:49:46+00:00
156,2026-05-28 07:00:00+00:00,2.7843,,11.1111,309.3103,309.3103,,,,,,,offshore_buoy,2026-05-28 18:49:46+00:00
156,2026-05-28 08:00:00+00:00,2.7402,,11.1111,309.334,309.334,,,,,,,offshore_buoy,2026-05-28 18:49:46+00:00
156,2026-05-28 09:00:00+00:00,2.6895,,11.1111,309.3574,309.3574,,,,,,,offshore_buoy,2026-05-28 18:49:46+00:00
156,2026-05-28 10:00:00+00:00,2.6358,,11.1111,309.3459,309.3459,,,,,,,offshore_buoy,2026-05-28 18:49:46+00:00
156,2026-05-28 11:00:00+00:00,2.5821,,11.1111,309.3026,309.3026,,,,,,,offshore_buoy,2026-05-28 18:49:46+00:00
156,2026-05-28 12:00:00+00:00,2.5294,,11.1111,309.1775,309.1775,,,,,,,offshore_buoy,2026-05-28 18:49:46+00:00
156,2026-05-28 13:00:00+00:00,2.48,,11.1111,309.0287,309.0287,,,,,,,offshore_buoy,2026-05-28 18:49:46+00:00
156,2026-05-28 14:00:00+00:00,2.4329,,11.1111,308.8857,308.8857,,,,,,,offshore_buoy,2026-05-28 18:49:46+00:00
156,2026-05-28 15:00:00+00:00,2.392,,11.1111,308.7257,308.7257,,,,,,,offshore_buoy,2026-05-28 18:49:46+00:00
156,2026-05-28 16:00:00+00:00,2.3575,,10.5263,309.6156,309.6156,,,,,,,offshore_buoy,2026-05-28 18:49:46+00:00
156,2026-05-28 17:00:00+00:00,2.3292,,10.5263,309.5033,309.5033,,,,,,,offshore_buoy,2026-05-28 18:49:46+00:00
156,2026-05-28 18:00:00+00:00,2.3043,,10.5263,309.3737,309.3737,,,,,,,offshore_buoy,2026-05-28 18:49:46+00:00
156,2026-05-28 19:00:00+00:00,2.28,,10.5263,309.287,309.287,,,,,,,offshore_buoy,2026-05-28 18:49:46+00:00
156,2026-05-28 20:00:00+00:00,2.2545,,10.5263,309.2328,309.2328,,,,,,,offshore_buoy,2026-05-28 18:49:46+00:00
156,2026-05-28 21:00:00+00:00,2.2258,,10.5263,309.2569,309.2569,,,,,,,offshore_buoy,2026-05-28 18:49:46+00:00
156,2026-05-28 22:00:00+00:00,2.1927,,9.8717,310.2466,310.2466,,,,,,,offshore_buoy,2026-05-28 18:49:46+00:00
156,2026-05-28 23:00:00+00:00,2.1582,,9.8717,310.5329,310.5329,,,,,,,offshore_buoy,2026-05-28 18:49:46+00:00
156,2026-05-29 00:00:00+00:00,2.124,,9.8717,310.9866,310.9866,,,,,,,offshore_buoy,2026-05-28 18:49:46+00:00
156,2026-05-29 01:00:00+00:00,2.092,,9.8717,311.5574,311.5574,,,,,,,offshore_buoy,2026-05-28 18:49:46+00:00
156,2026-05-29 02:00:00+00:00,2.0608,,9.8717,312.1147,312.1147,,,,,,,offshore_buoy,2026-05-28 18:49:46+00:00
156,2026-05-29 03:00:00+00:00,2.0333,,9.8717,312.5573,312.5573,,,,,,,offshore_buoy,2026-05-28 18:49:46+00:00
156,2026-05-29 04:00:00+00:00,2.0076,,9.8717,312.8348,312.8348,,,,,,,offshore_buoy,2026-05-28 18:49:46+00:00
156,2026-05-29 05:00:00+00:00,1.9817,,9.8717,312.9203,312.9203,,,,,,,offshore_buoy,2026-05-28 18:49:46+00:00
156,2026-05-29 06:00:00+00:00,1.9531,,9.8717,312.8388,312.8388,,,,,,,offshore_buoy,2026-05-28 18:49:46+00:00
156,2026-05-29 07:00:00+00:00,1.921,,9.8717,312.5668,312.5668,,,,,,,offshore_buoy,2026-05-28 18:49:46+00:00
156,2026-05-29 08:00:00+00:00,1.8859,,9.8717,312.1909,312.1909,,,,,,,offshore_buoy,2026-05-28 18:49:46+00:00
156,2026-05-29 09:00:00+00:00,1.8508,,9.8717,311.7441,311.7441,,,,,,,offshore_buoy,2026-05-28 18:49:46+00:00
156,2026-05-29 10:00:00+00:00,1.8199,,9.0909,313.0604,313.0604,,,,,,,offshore_buoy,2026-05-28 18:49:46+00:00
156,2026-05-29 11:00:00+00:00,1.7948,,9.0909,312.5757,312.5757,,,,,,,offshore_buoy,2026-05-28 18:49:46+00:00
156,2026-05-29 12:00:00+00:00,1.7752,,9.0909,312.112,312.112,,,,,,,offshore_buoy,2026-05-28 18:49:46+00:00
156,2026-05-29 13:00:00+00:00,1.7602,,9.0909,311.7239,311.7239,,,,,,,offshore_buoy,2026-05-28 18:49:46+00:00
156,2026-05-29 14:00:00+00:00,1.7496,,9.0909,311.3956,311.3956,,,,,,,offshore_buoy,2026-05-28 18:49:46+00:00
156,2026-05-29 15:00:00+00:00,1.7427,,9.0909,311.1182,311.1182,,,,,,,offshore_buoy,2026-05-28 18:49:46+00:00
156,2026-05-29 16:00:00+00:00,1.7379,,9.0909,310.8651,310.8651,,,,,,,offshore_buoy,2026-05-28 18:49:46+00:00
156,2026-05-29 17:00:00+00:00,1.7348,,14.2857,282.3579,282.3579,,,,,,,offshore_buoy,2026-05-28 18:49:46+00:00
156,2026-05-29 18:00:00+00:00,1.7333,,14.2857,282.7831,282.7831,,,,,,,offshore_buoy,2026-05-28 18:49:46+00:00
156,2026-05-29 19:00:00+00:00,1.7337,,14.2857,283.0507,283.0507,,,,,,,offshore_buoy,2026-05-28 18:49:46+00:00
156,2026-05-29 20:00:00+00:00,1.7338,,14.2857,283.1695,283.1695,,,,,,,offshore_buoy,2026-05-28 18:49:46+00:00
156,2026-05-29 21:00:00+00:00,1.7313,,14.2857,283.1262,283.1262,,,,,,,offshore_buoy,2026-05-28 18:49:46+00:00
156,2026-05-29 22:00:00+00:00,1.7265,,14.2857,282.9462,282.9462,,,,,,,offshore_buoy,2026-05-28 18:49:46+00:00
156,2026-05-29 23:00:00+00:00,1.7214,,14.2857,282.6667,282.6667,,,,,,,offshore_buoy,2026-05-28 18:49:46+00:00
156,2026-05-30 00:00:00+00:00,1.7178,,14.2857,282.3114,282.3114,,,,,,,offshore_buoy,2026-05-28 18:49:46+00:00
156,2026-05-30 01:00:00+00:00,1.7151,,14.2857,281.938,281.938,,,,,,,offshore_buoy,2026-05-28 18:49:46+00:00
156,2026-05-30 02:00:00+00:00,1.7138,,14.2857,281.5456,281.5456,,,,,,,offshore_buoy,2026-05-28 18:49:46+00:00
156,2026-05-30 03:00:00+00:00,1.7167,,14.2857,281.1568,281.1568,,,,,,,offshore_buoy,2026-05-28 18:49:46+00:00
156,2026-05-30 04:00:00+00:00,1.7262,,13.3333,285.1364,285.1364,,,,,,,offshore_buoy,2026-05-28 18:49:46+00:00
156,2026-05-30 05:00:00+00:00,1.7421,,13.3333,284.9653,284.9653,,,,,,,offshore_buoy,2026-05-28 18:49:46+00:00
156,2026-05-30 06:00:00+00:00,1.7627,,13.3333,284.8159,284.8159,,,,,,,offshore_buoy,2026-05-28 18:49:46+00:00
156,2026-05-30 07:00:00+00:00,1.7892,,13.3333,284.6797,284.6797,,,,,,,offshore_buoy,2026-05-28 18:49:46+00:00
156,2026-05-30 08:00:00+00:00,1.8266,,13.3333,284.5778,284.5778,,,,,,,offshore_buoy,2026-05-28 18:49:46+00:00
156,2026-05-30 09:00:00+00:00,1.8802,,13.3333,284.5365,284.5365,,,,,,,offshore_buoy,2026-05-28 18:49:46+00:00
156,2026-05-30 10:00:00+00:00,1.9467,,13.3333,284.5204,284.5204,,,,,,,offshore_buoy,2026-05-28 18:49:46+00:00
156,2026-05-30 11:00:00+00:00,2.0188,,13.3333,284.5088,284.5088,,,,,,,offshore_buoy,2026-05-28 18:49:46+00:00
156,2026-05-30 12:00:00+00:00,2.1002,,13.3333,284.4615,284.4615,,,,,,,offshore_buoy,2026-05-28 18:49:46+00:00
156,2026-05-30 13:00:00+00:00,2.2087,,13.3333,284.3739,284.3739,,,,,,,offshore_buoy,2026-05-28 18:49:46+00:00
156,2026-05-30 14:00:00+00:00,2.3512,,12.5,287.1898,287.1898,,,,,,,offshore_buoy,2026-05-28 18:49:46+00:00
156,2026-05-30 15:00:00+00:00,2.5021,,7.6923,314.6796,314.6796,,,,,,,offshore_buoy,2026-05-28 18:49:46+00:00
156,2026-05-30 16:00:00+00:00,2.623,,8.3333,313.8433,313.8433,,,,,,,offshore_buoy,2026-05-28 18:49:46+00:00
156,2026-05-30 17:00:00+00:00,2.6959,,8.3333,313.4127,313.4127,,,,,,,offshore_buoy,2026-05-28 18:49:46+00:00
156,2026-05-30 18:00:00+00:00,2.7294,,8.3333,313.0605,313.0605,,,,,,,offshore_buoy,2026-05-28 18:49:46+00:00
156,2026-05-30 19:00:00+00:00,2.7395,,8.3333,312.8212,312.8212,,,,,,,offshore_buoy,2026-05-28 18:49:46+00:00
156,2026-05-30 20:00:00+00:00,2.737,,8.3333,312.7017,312.7017,,,,,,,offshore_buoy,2026-05-28 18:49:46+00:00
156,2026-05-30 21:00:00+00:00,2.7308,,8.3333,312.7308,312.7308,,,,,,,offshore_buoy,2026-05-28 18:49:46+00:00
156,2026-05-30 22:00:00+00:00,2.7303,,8.3333,312.8864,312.8864,,,,,,,offshore_buoy,2026-05-28 18:49:46+00:00
156,2026-05-30 23:00:00+00:00,2.7382,,8.3333,313.1357,313.1357,,,,,,,offshore_buoy,2026-05-28 18:49:46+00:00
156,2026-05-31 00:00:00+00:00,2.7522,,9.0909,311.7883,311.7883,,,,,,,offshore_buoy,2026-05-28 18:49:46+00:00
156,2026-05-31 01:00:00+00:00,2.7693,,9.0909,312.1965,312.1965,,,,,,,offshore_buoy,2026-05-28 18:49:46+00:00
156,2026-05-31 02:00:00+00:00,2.7933,,9.0909,312.5155,312.5155,,,,,,,offshore_buoy,2026-05-28 18:49:46+00:00
156,2026-05-31 03:00:00+00:00,2.8224,,9.0909,312.7076,312.7076,,,,,,,offshore_buoy,2026-05-28 18:49:46+00:00
156,2026-05-31 04:00:00+00:00,2.8489,,9.0909,312.7644,312.7644,,,,,,,offshore_buoy,2026-05-28 18:49:46+00:00
156,2026-05-31 05:00:00+00:00,2.8677,,9.0909,312.7513,312.7513,,,,,,,offshore_buoy,2026-05-28 18:49:46+00:00
156,2026-05-31 06:00:00+00:00,2.8804,,9.0909,312.6836,312.6836,,,,,,,offshore_buoy,2026-05-28 18:49:46+00:00
156,2026-05-31 07:00:00+00:00,2.8898,,9.0909,312.5384,312.5384,,,,,,,offshore_buoy,2026-05-28 18:49:46+00:00
156,2026-05-31 08:00:00+00:00,2.8957,,9.0909,312.3589,312.3589,,,,,,,offshore_buoy,2026-05-28 18:49:46+00:00
156,2026-05-31 09:00:00+00:00,2.8977,,9.0909,312.129,312.129,,,,,,,offshore_buoy,2026-05-28 18:49:46+00:00
156,2026-05-31 10:00:00+00:00,2.9006,,9.0909,311.9404,311.9404,,,,,,,offshore_buoy,2026-05-28 18:49:46+00:00
156,2026-05-31 11:00:00+00:00,2.9083,,9.0909,311.8126,311.8126,,,,,,,offshore_buoy,2026-05-28 18:49:46+00:00
156,2026-05-31 12:00:00+00:00,2.9221,,9.0909,311.7993,311.7993,,,,,,,offshore_buoy,2026-05-28 18:49:46+00:00
156,2026-05-31 13:00:00+00:00,2.9394,,9.0909,311.8498,311.8498,,,,,,,offshore_buoy,2026-05-28 18:49:46+00:00
156,2026-05-31 14:00:00+00:00,2.9599,,9.0909,311.9493,311.9493,,,,,,,offshore_buoy,2026-05-28 18:49:46+00:00
156,2026-05-31 15:00:00+00:00,2.9824,,9.0909,312.0396,312.0396,,,,,,,offshore_buoy,2026-05-28 18:49:46+00:00
156,2026-05-31 16:00:00+00:00,3.0026,,9.0909,312.0995,312.0995,,,,,,,offshore_buoy,2026-05-28 18:49:46+00:00
156,2026-05-31 17:00:00+00:00,3.0117,,9.0909,312.0938,312.0938,,,,,,,offshore_buoy,2026-05-28 18:49:46+00:00
156,2026-05-31 18:00:00+00:00,3.0052,,9.8717,308.5382,308.5382,,,,,,,offshore_buoy,2026-05-28 18:49:46+00:00
156,2026-05-31 19:00:00+00:00,2.974,,9.8717,308.4399,308.4399,,,,,,,offshore_buoy,2026-05-28 18:49:46+00:00
156,2026-05-31 20:00:00+00:00,2.9443,,9.8717,308.4424,308.4424,,,,,,,offshore_buoy,2026-05-28 18:49:46+00:00
156,2026-05-31 21:00:00+00:00,2.9129,,9.8717,308.4251,308.4251,,,,,,,offshore_buoy,2026-05-28 18:49:46+00:00
156,2026-05-31 22:00:00+00:00,2.8423,,9.8717,308.0954,308.0954,,,,,,,offshore_buoy,2026-05-28 18:49:46+00:00
156,2026-05-31 23:00:00+00:00,2.7764,,9.8717,308.3387,308.3387,,,,,,,offshore_buoy,2026-05-28 18:49:46+00:00
156,2026-06-01 00:00:00+00:00,2.7699,,9.8717,308.3309,308.3309,,,,,,,offshore_buoy,2026-05-28 18:49:46+00:00
156,2026-06-01 01:00:00+00:00,2.7519,,9.8717,308.2738,308.2738,,,,,,,offshore_buoy,2026-05-28 18:49:46+00:00
156,2026-06-01 02:00:00+00:00,2.7289,,9.8717,308.2888,308.2888,,,,,,,offshore_buoy,2026-05-28 18:49:46+00:00
156,2026-06-01 03:00:00+00:00,2.7299,,9.8717,308.2553,308.2553,,,,,,,offshore_buoy,2026-05-28 18:49:46+00:00
156,2026-06-01 04:00:00+00:00,2.7092,,9.8717,307.8787,307.8787,,,,,,,offshore_buoy,2026-05-28 18:49:46+00:00
156,2026-06-01 05:00:00+00:00,2.7046,,9.8717,307.7697,307.7697,,,,,,,offshore_buoy,2026-05-28 18:49:46+00:00
156,2026-06-01 06:00:00+00:00,2.6915,,9.8717,307.7679,307.7679,,,,,,,offshore_buoy,2026-05-28 18:49:46+00:00
156,2026-06-01 07:00:00+00:00,2.6566,,9.8717,307.593,307.593,,,,,,,offshore_buoy,2026-05-28 18:49:46+00:00
156,2026-06-01 08:00:00+00:00,2.6302,,9.8717,307.6407,307.6407,,,,,,,offshore_buoy,2026-05-28 18:49:46+00:00
156,2026-06-01 09:00:00+00:00,2.6098,,9.8717,307.6799,307.6799,,,,,,,offshore_buoy,2026-05-28 18:49:46+00:00
156,2026-06-01 10:00:00+00:00,2.5896,,9.8717,308.2453,308.2453,,,,,,,offshore_buoy,2026-05-28 18:49:46+00:00
156,2026-06-01 11:00:00+00:00,2.5504,,9.8717,308.57,308.57,,,,,,,offshore_buoy,2026-05-28 18:49:46+00:00
156,2026-06-01 12:00:00+00:00,2.533,,9.8717,308.6021,308.6021,,,,,,,offshore_buoy,2026-05-28 18:49:46+00:00
156,2026-06-01 13:00:00+00:00,2.5167,,9.8717,309.3616,309.3616,,,,,,,offshore_buoy,2026-05-28 18:49:46+00:00
156,2026-06-01 14:00:00+00:00,2.4669,,9.8717,309.8588,309.8588,,,,,,,offshore_buoy,2026-05-28 18:49:46+00:00
156,2026-06-01 15:00:00+00:00,2.4444,,9.8717,309.8732,309.8732,,,,,,,offshore_buoy,2026-05-28 18:49:46+00:00
156,2026-06-01 16:00:00+00:00,2.4062,,9.8717,309.944,309.944,,,,,,,offshore_buoy,2026-05-28 18:49:46+00:00
156,2026-06-01 17:00:00+00:00,2.3594,,9.8717,310.2917,310.2917,,,,,,,offshore_buoy,2026-05-28 18:49:46+00:00
156,2026-06-01 18:00:00+00:00,2.3374,,9.8717,310.2894,310.2894,,,,,,,offshore_buoy,2026-05-28 18:49:46+00:00
156,2026-06-01 19:00:00+00:00,2.2915,,9.8717,309.9276,309.9276,,,,,,,offshore_buoy,2026-05-28 18:49:46+00:00
156,2026-06-01 20:00:00+00:00,2.2454,,9.8717,310.0307,310.0307,,,,,,,offshore_buoy,2026-05-28 18:49:46+00:00
156,2026-06-01 21:00:00+00:00,2.2258,,9.8717,310.0406,310.0406,,,,,,,offshore_buoy,2026-05-28 18:49:46+00:00
156,2026-06-01 22:00:00+00:00,2.1924,,9.8717,309.8559,309.8559,,,,,,,offshore_buoy,2026-05-28 18:49:46+00:00
156,2026-06-01 23:00:00+00:00,2.1586,,9.8717,309.9263,309.9263,,,,,,,offshore_buoy,2026-05-28 18:49:46+00:00
156,2026-06-02 00:00:00+00:00,2.1432,,9.8717,309.9348,309.9348,,,,,,,offshore_buoy,2026-05-28 18:49:46+00:00
156,2026-06-02 01:00:00+00:00,2.1133,,9.0909,311.901,311.901,,,,,,,offshore_buoy,2026-05-28 18:49:46+00:00
156,2026-06-02 02:00:00+00:00,2.089,,9.0909,312.1728,312.1728,,,,,,,offshore_buoy,2026-05-28 18:49:46+00:00
156,2026-06-02 03:00:00+00:00,2.0785,,9.0909,312.1757,312.1757,,,,,,,offshore_buoy,2026-05-28 18:49:46+00:00
156,2026-06-02 04:00:00+00:00,2.0371,,9.0909,311.7745,311.7745,,,,,,,offshore_buoy,2026-05-28 18:49:46+00:00
156,2026-06-02 05:00:00+00:00,2.0012,,9.0909,312.3982,312.3982,,,,,,,offshore_buoy,2026-05-28 18:49:46+00:00
156,2026-06-02 06:00:00+00:00,1.9906,,9.0909,312.4088,312.4088,,,,,,,offshore_buoy,2026-05-28 18:49:46+00:00
156,2026-06-02 07:00:00+00:00,1.9469,,9.0909,312.2604,312.2604,,,,,,,offshore_buoy,2026-05-28 18:49:46+00:00
156,2026-06-02 08:00:00+00:00,1.8964,,9.0909,313.1572,313.1572,,,,,,,offshore_buoy,2026-05-28 18:49:46+00:00
156,2026-06-02 09:00:00+00:00,1.8849,,9.0909,313.1738,313.1738,,,,,,,offshore_buoy,2026-05-28 18:49:46+00:00
156,2026-06-02 10:00:00+00:00,1.8475,,9.0909,313.1657,313.1657,,,,,,,offshore_buoy,2026-05-28 18:49:46+00:00
156,2026-06-02 11:00:00+00:00,1.8021,,9.0909,313.7673,313.7673,,,,,,,offshore_buoy,2026-05-28 18:49:46+00:00
156,2026-06-02 12:00:00+00:00,1.7888,,9.0909,313.7771,313.7771,,,,,,,offshore_buoy,2026-05-28 18:49:46+00:00
156,2026-06-02 13:00:00+00:00,1.7564,,9.0909,313.6188,313.6188,,,,,,,offshore_buoy,2026-05-28 18:49:46+00:00
156,2026-06-02 14:00:00+00:00,1.7283,,9.0909,313.8243,313.8243,,,,,,,offshore_buoy,2026-05-28 18:49:46+00:00
156,2026-06-02 15:00:00+00:00,1.7187,,9.0909,313.8314,313.8314,,,,,,,offshore_buoy,2026-05-28 18:49:46+00:00
156,2026-06-02 16:00:00+00:00,1.6919,,9.0909,313.5397,313.5397,,,,,,,offshore_buoy,2026-05-28 18:49:46+00:00
156,2026-06-02 17:00:00+00:00,1.6829,,9.0909,313.5459,313.5459,,,,,,,offshore_buoy,2026-05-28 18:49:46+00:00
156,2026-06-02 18:00:00+00:00,1.6831,,9.0909,313.5326,313.5326,,,,,,,offshore_buoy,2026-05-28 18:49:46+00:00
156,2026-06-02 19:00:00+00:00,1.6631,,9.0909,312.8812,312.8812,,,,,,,offshore_buoy,2026-05-28 18:49:46+00:00
156,2026-06-02 20:00:00+00:00,1.6637,,8.3333,314.2536,314.2536,,,,,,,offshore_buoy,2026-05-28 18:49:46+00:00
156,2026-06-02 21:00:00+00:00,1.6712,,8.3333,314.2532,314.2532,,,,,,,offshore_buoy,2026-05-28 18:49:46+00:00
156,2026-06-02 22:00:00+00:00,1.6484,,8.3333,313.9764,313.9764,,,,,,,offshore_buoy,2026-05-28 18:49:46+00:00
156,2026-06-02 23:00:00+00:00,1.641,,8.3333,313.8346,313.8346,,,,,,,offshore_buoy,2026-05-28 18:49:46+00:00
156,2026-06-03 00:00:00+00:00,1.6376,,8.3333,313.8101,313.8101,,,,,,,offshore_buoy,2026-05-28 18:49:46+00:00
156,2026-06-03 01:00:00+00:00,1.6113,,8.3333,313.2748,313.2748,,,,,,,offshore_buoy,2026-05-28 18:49:46+00:00
156,2026-06-03 02:00:00+00:00,1.628,,8.3333,313.3813,313.3813,,,,,,,offshore_buoy,2026-05-28 18:49:46+00:00
156,2026-06-03 03:00:00+00:00,1.6741,,8.3333,313.4384,313.4384,,,,,,,offshore_buoy,2026-05-28 18:49:46+00:00
156,2026-06-03 04:00:00+00:00,1.6778,,8.3333,313.3331,313.3331,,,,,,,offshore_buoy,2026-05-28 18:49:46+00:00
156,2026-06-03 05:00:00+00:00,1.6264,,7.6923,313.9153,313.9153,,,,,,,offshore_buoy,2026-05-28 18:49:46+00:00
156,2026-06-03 06:00:00+00:00,1.6259,,8.3333,316.5341,316.5341,,,,,,,offshore_buoy,2026-05-28 18:49:46+00:00
156,2026-06-03 07:00:00+00:00,1.6229,,7.6923,314.9274,314.9274,,,,,,,offshore_buoy,2026-05-28 18:49:46+00:00
156,2026-06-03 08:00:00+00:00,1.6092,,7.6923,314.0345,314.0345,,,,,,,offshore_buoy,2026-05-28 18:49:46+00:00
156,2026-06-03 09:00:00+00:00,1.7074,,7.6923,314.3013,314.3013,,,,,,,offshore_buoy,2026-05-28 18:49:46+00:00
156,2026-06-03 10:00:00+00:00,1.7,,7.6923,314.769,314.769,,,,,,,offshore_buoy,2026-05-28 18:49:46+00:00
156,2026-06-03 11:00:00+00:00,1.7032,,7.6923,318.8835,318.8835,,,,,,,offshore_buoy,2026-05-28 18:49:46+00:00
156,2026-06-03 12:00:00+00:00,1.7422,,7.6923,319.0595,319.0595,,,,,,,offshore_buoy,2026-05-28 18:49:46+00:00
156,2026-06-03 13:00:00+00:00,1.7694,,7.6923,318.1489,318.1489,,,,,,,offshore_buoy,2026-05-28 18:49:46+00:00
156,2026-06-03 14:00:00+00:00,1.8406,,7.6923,315.2109,315.2109,,,,,,,offshore_buoy,2026-05-28 18:49:46+00:00
156,2026-06-03 15:00:00+00:00,1.9321,,7.6923,315.3422,315.3422,,,,,,,offshore_buoy,2026-05-28 18:49:46+00:00
156,2026-06-03 16:00:00+00:00,1.9367,,7.6923,315.5406,315.5406,,,,,,,offshore_buoy,2026-05-28 18:49:46+00:00
156,2026-06-03 17:00:00+00:00,1.9768,,7.6923,318.2787,318.2787,,,,,,,offshore_buoy,2026-05-28 18:49:46+00:00
156,2026-06-03 18:00:00+00:00,1.9657,,7.6923,319.1061,319.1061,,,,,,,offshore_buoy,2026-05-28 18:49:46+00:00
156,2026-06-03 19:00:00+00:00,2.0172,,7.6923,319.6143,319.6143,,,,,,,offshore_buoy,2026-05-28 18:49:46+00:00
156,2026-06-03 20:00:00+00:00,2.1005,,7.6923,316.3005,316.3005,,,,,,,offshore_buoy,2026-05-28 18:49:46+00:00
156,2026-06-03 21:00:00+00:00,2.1763,,7.6923,316.357,316.357,,,,,,,offshore_buoy,2026-05-28 18:49:46+00:00
156,2026-06-03 22:00:00+00:00,2.186,,7.6923,316.4757,316.4757,,,,,,,offshore_buoy,2026-05-28 18:49:46+00:00
156,2026-06-03 23:00:00+00:00,2.1579,,7.6923,317.0667,317.0667,,,,,,,offshore_buoy,2026-05-28 18:49:46+00:00
156,2026-06-04 00:00:00+00:00,2.1242,,7.6923,319.946,319.946,,,,,,,offshore_buoy,2026-05-28 18:49:46+00:00
156,2026-06-04 01:00:00+00:00,2.1779,,7.6923,320.2128,320.2128,,,,,,,offshore_buoy,2026-05-28 18:49:46+00:00
156,2026-06-04 02:00:00+00:00,2.2937,,7.6923,316.6803,316.6803,,,,,,,offshore_buoy,2026-05-28 18:49:46+00:00
156,2026-06-04 03:00:00+00:00,2.3794,,7.6923,316.9327,316.9327,,,,,,,offshore_buoy,2026-05-28 18:49:46+00:00
156,2026-06-04 04:00:00+00:00,2.4175,,7.6923,317.9978,317.9978,,,,,,,offshore_buoy,2026-05-28 18:49:46+00:00
156,2026-06-04 05:00:00+00:00,2.426,,7.6923,320.1612,320.1612,,,,,,,offshore_buoy,2026-05-28 18:49:46+00:00
156,2026-06-04 06:00:00+00:00,2.3563,,7.6923,322.0473,322.0473,,,,,,,offshore_buoy,2026-05-28 18:49:46+00:00
156,2026-06-04 07:00:00+00:00,2.29,,7.6923,320.1844,320.1844,,,,,,,offshore_buoy,2026-05-28 18:49:46+00:00
156,2026-06-04 08:00:00+00:00,2.3515,,7.6923,318.7106,318.7106,,,,,,,offshore_buoy,2026-05-28 18:49:46+00:00
156,2026-06-04 09:00:00+00:00,2.43,,7.6923,318.8155,318.8155,,,,,,,offshore_buoy,2026-05-28 18:49:46+00:00
156,2026-06-04 10:00:00+00:00,2.4448,,7.6923,319.3251,319.3251,,,,,,,offshore_buoy,2026-05-28 18:49:46+00:00
156,2026-06-04 11:00:00+00:00,2.4475,,7.6923,320.3333,320.3333,,,,,,,offshore_buoy,2026-05-28 18:49:46+00:00
156,2026-06-04 12:00:00+00:00,2.4759,,7.1429,320.3669,320.3669,,,,,,,offshore_buoy,2026-05-28 18:49:46+00:00
156,2026-06-04 13:00:00+00:00,2.3735,,7.1429,316.8321,316.8321,,,,,,,offshore_buoy,2026-05-28 18:49:46+00:00
156,2026-06-04 14:00:00+00:00,2.3578,,7.1429,316.1054,316.1054,,,,,,,offshore_buoy,2026-05-28 18:49:46+00:00
156,2026-06-04 15:00:00+00:00,2.4294,,7.1429,316.2025,316.2025,,,,,,,offshore_buoy,2026-05-28 18:49:46+00:00
156,2026-06-04 16:00:00+00:00,2.4362,,7.1429,316.2358,316.2358,,,,,,,offshore_buoy,2026-05-28 18:49:46+00:00
156,2026-06-04 17:00:00+00:00,2.5569,,8.3333,318.2166,318.2166,,,,,,,offshore_buoy,2026-05-28 18:49:46+00:00
157,2026-05-28 07:00:00+00:00,3.0786,,11.1111,310.1888,310.1888,,,,,,,offshore_buoy,2026-05-28 18:49:46+00:00
157,2026-05-28 08:00:00+00:00,3.0168,,11.1111,310.1689,310.1689,,,,,,,offshore_buoy,2026-05-28 18:49:46+00:00
157,2026-05-28 09:00:00+00:00,2.9568,,11.1111,310.132,310.132,,,,,,,offshore_buoy,2026-05-28 18:49:46+00:00
157,2026-05-28 10:00:00+00:00,2.8964,,11.1111,310.0645,310.0645,,,,,,,offshore_buoy,2026-05-28 18:49:46+00:00
157,2026-05-28 11:00:00+00:00,2.8385,,11.1111,309.985,309.985,,,,,,,offshore_buoy,2026-05-28 18:49:46+00:00
157,2026-05-28 12:00:00+00:00,2.7827,,11.1111,309.8781,309.8781,,,,,,,offshore_buoy,2026-05-28 18:49:46+00:00
157,2026-05-28 13:00:00+00:00,2.7323,,11.1111,309.7596,309.7596,,,,,,,offshore_buoy,2026-05-28 18:49:46+00:00
157,2026-05-28 14:00:00+00:00,2.6879,,11.1111,309.5672,309.5672,,,,,,,offshore_buoy,2026-05-28 18:49:46+00:00
157,2026-05-28 15:00:00+00:00,2.6516,,11.1111,309.3394,309.3394,,,,,,,offshore_buoy,2026-05-28 18:49:46+00:00
157,2026-05-28 16:00:00+00:00,2.6253,,11.1111,309.1176,309.1176,,,,,,,offshore_buoy,2026-05-28 18:49:46+00:00
157,2026-05-28 17:00:00+00:00,2.6087,,10.5263,310.0941,310.0941,,,,,,,offshore_buoy,2026-05-28 18:49:46+00:00
157,2026-05-28 18:00:00+00:00,2.6024,,10.5263,310.0079,310.0079,,,,,,,offshore_buoy,2026-05-28 18:49:46+00:00
157,2026-05-28 19:00:00+00:00,2.6022,,10.5263,309.9413,309.9413,,,,,,,offshore_buoy,2026-05-28 18:49:46+00:00
157,2026-05-28 20:00:00+00:00,2.6041,,10.5263,309.8717,309.8717,,,,,,,offshore_buoy,2026-05-28 18:49:46+00:00
157,2026-05-28 21:00:00+00:00,2.603,,10.5263,309.7902,309.7902,,,,,,,offshore_buoy,2026-05-28 18:49:46+00:00
157,2026-05-28 22:00:00+00:00,2.5976,,20.0,299.2345,299.2345,,,,,,,offshore_buoy,2026-05-28 18:49:46+00:00
157,2026-05-28 23:00:00+00:00,2.5888,,18.1818,296.1161,296.1161,,,,,,,offshore_buoy,2026-05-28 18:49:46+00:00
157,2026-05-29 00:00:00+00:00,2.5776,,18.1818,297.1508,297.1508,,,,,,,offshore_buoy,2026-05-28 18:49:46+00:00
157,2026-05-29 01:00:00+00:00,2.5684,,18.1818,298.1722,298.1722,,,,,,,offshore_buoy,2026-05-28 18:49:46+00:00
157,2026-05-29 02:00:00+00:00,2.5631,,18.1818,299.0771,299.0771,,,,,,,offshore_buoy,2026-05-28 18:49:46+00:00
157,2026-05-29 03:00:00+00:00,2.5619,,18.1818,299.8524,299.8524,,,,,,,offshore_buoy,2026-05-28 18:49:46+00:00
157,2026-05-29 04:00:00+00:00,2.5642,,18.1818,300.5027,300.5027,,,,,,,offshore_buoy,2026-05-28 18:49:46+00:00
157,2026-05-29 05:00:00+00:00,2.5664,,18.1818,300.9466,300.9466,,,,,,,offshore_buoy,2026-05-28 18:49:46+00:00
157,2026-05-29 06:00:00+00:00,2.5651,,18.1818,301.2056,301.2056,,,,,,,offshore_buoy,2026-05-28 18:49:46+00:00
157,2026-05-29 07:00:00+00:00,2.5554,,16.6667,299.5029,299.5029,,,,,,,offshore_buoy,2026-05-28 18:49:46+00:00
157,2026-05-29 08:00:00+00:00,2.538,,16.6667,299.5599,299.5599,,,,,,,offshore_buoy,2026-05-28 18:49:46+00:00
157,2026-05-29 09:00:00+00:00,2.5169,,16.6667,299.5289,299.5289,,,,,,,offshore_buoy,2026-05-28 18:49:46+00:00
157,2026-05-29 10:00:00+00:00,2.4964,,16.6667,299.4694,299.4694,,,,,,,offshore_buoy,2026-05-28 18:49:46+00:00
157,2026-05-29 11:00:00+00:00,2.4767,,16.6667,299.386,299.386,,,,,,,offshore_buoy,2026-05-28 18:49:46+00:00
157,2026-05-29 12:00:00+00:00,2.4596,,16.6667,299.3213,299.3213,,,,,,,offshore_buoy,2026-05-28 18:49:46+00:00
157,2026-05-29 13:00:00+00:00,2.444,,16.6667,299.2402,299.2402,,,,,,,offshore_buoy,2026-05-28 18:49:46+00:00
157,2026-05-29 14:00:00+00:00,2.4291,,16.6667,299.1406,299.1406,,,,,,,offshore_buoy,2026-05-28 18:49:46+00:00
157,2026-05-29 15:00:00+00:00,2.4148,,16.6667,299.0434,299.0434,,,,,,,offshore_buoy,2026-05-28 18:49:46+00:00
157,2026-05-29 16:00:00+00:00,2.3986,,16.6667,298.9579,298.9579,,,,,,,offshore_buoy,2026-05-28 18:49:46+00:00
157,2026-05-29 17:00:00+00:00,2.3842,,15.3846,298.1888,298.1888,,,,,,,offshore_buoy,2026-05-28 18:49:46+00:00
157,2026-05-29 18:00:00+00:00,2.3708,,15.3846,298.3457,298.3457,,,,,,,offshore_buoy,2026-05-28 18:49:46+00:00
157,2026-05-29 19:00:00+00:00,2.3635,,15.3846,298.5389,298.5389,,,,,,,offshore_buoy,2026-05-28 18:49:46+00:00
157,2026-05-29 20:00:00+00:00,2.361,,15.3846,298.7165,298.7165,,,,,,,offshore_buoy,2026-05-28 18:49:46+00:00
157,2026-05-29 21:00:00+00:00,2.3642,,15.3846,298.8481,298.8481,,,,,,,offshore_buoy,2026-05-28 18:49:46+00:00
157,2026-05-29 22:00:00+00:00,2.3693,,15.3846,298.908,298.908,,,,,,,offshore_buoy,2026-05-28 18:49:46+00:00
157,2026-05-29 23:00:00+00:00,2.3791,,15.3846,298.8788,298.8788,,,,,,,offshore_buoy,2026-05-28 18:49:46+00:00
157,2026-05-30 00:00:00+00:00,2.3927,,15.3846,298.7943,298.7943,,,,,,,offshore_buoy,2026-05-28 18:49:46+00:00
157,2026-05-30 01:00:00+00:00,2.4075,,15.3846,298.6158,298.6158,,,,,,,offshore_buoy,2026-05-28 18:49:46+00:00
157,2026-05-30 02:00:00+00:00,2.42,,14.2857,298.8964,298.8964,,,,,,,offshore_buoy,2026-05-28 18:49:46+00:00
157,2026-05-30 03:00:00+00:00,2.4264,,14.2857,298.6516,298.6516,,,,,,,offshore_buoy,2026-05-28 18:49:46+00:00
157,2026-05-30 04:00:00+00:00,2.4273,,14.2857,298.301,298.301,,,,,,,offshore_buoy,2026-05-28 18:49:46+00:00
157,2026-05-30 05:00:00+00:00,2.4221,,14.2857,297.8727,297.8727,,,,,,,offshore_buoy,2026-05-28 18:49:46+00:00
157,2026-05-30 06:00:00+00:00,2.4157,,14.2857,297.3644,297.3644,,,,,,,offshore_buoy,2026-05-28 18:49:46+00:00
157,2026-05-30 07:00:00+00:00,2.4141,,14.2857,296.8552,296.8552,,,,,,,offshore_buoy,2026-05-28 18:49:46+00:00
157,2026-05-30 08:00:00+00:00,2.419,,14.2857,296.3268,296.3268,,,,,,,offshore_buoy,2026-05-28 18:49:46+00:00
157,2026-05-30 09:00:00+00:00,2.4347,,13.3333,296.5493,296.5493,,,,,,,offshore_buoy,2026-05-28 18:49:46+00:00
157,2026-05-30 10:00:00+00:00,2.462,,13.3333,296.1818,296.1818,,,,,,,offshore_buoy,2026-05-28 18:49:46+00:00
157,2026-05-30 11:00:00+00:00,2.5014,,13.3333,295.8695,295.8695,,,,,,,offshore_buoy,2026-05-28 18:49:46+00:00
157,2026-05-30 12:00:00+00:00,2.5448,,13.3333,295.6317,295.6317,,,,,,,offshore_buoy,2026-05-28 18:49:46+00:00
157,2026-05-30 13:00:00+00:00,2.5879,,13.3333,295.4626,295.4626,,,,,,,offshore_buoy,2026-05-28 18:49:46+00:00
157,2026-05-30 14:00:00+00:00,2.635,,13.3333,295.4006,295.4006,,,,,,,offshore_buoy,2026-05-28 18:49:46+00:00
157,2026-05-30 15:00:00+00:00,2.6918,,13.3333,295.3156,295.3156,,,,,,,offshore_buoy,2026-05-28 18:49:46+00:00
157,2026-05-30 16:00:00+00:00,2.7544,,13.3333,295.2478,295.2478,,,,,,,offshore_buoy,2026-05-28 18:49:46+00:00
157,2026-05-30 17:00:00+00:00,2.8114,,13.3333,295.1149,295.1149,,,,,,,offshore_buoy,2026-05-28 18:49:46+00:00
157,2026-05-30 18:00:00+00:00,2.8566,,13.3333,294.9464,294.9464,,,,,,,offshore_buoy,2026-05-28 18:49:46+00:00
157,2026-05-30 19:00:00+00:00,2.8896,,8.3333,314.8553,314.8553,,,,,,,offshore_buoy,2026-05-28 18:49:46+00:00
157,2026-05-30 20:00:00+00:00,2.9127,,8.3333,315.1063,315.1063,,,,,,,offshore_buoy,2026-05-28 18:49:46+00:00
157,2026-05-30 21:00:00+00:00,2.9295,,8.3333,315.4855,315.4855,,,,,,,offshore_buoy,2026-05-28 18:49:46+00:00
157,2026-05-30 22:00:00+00:00,2.9459,,8.3333,315.9637,315.9637,,,,,,,offshore_buoy,2026-05-28 18:49:46+00:00
157,2026-05-30 23:00:00+00:00,2.9681,,8.3333,316.4474,316.4474,,,,,,,offshore_buoy,2026-05-28 18:49:46+00:00
157,2026-05-31 00:00:00+00:00,2.9956,,9.0909,314.8562,314.8562,,,,,,,offshore_buoy,2026-05-28 18:49:46+00:00
157,2026-05-31 01:00:00+00:00,3.0257,,9.0909,315.1072,315.1072,,,,,,,offshore_buoy,2026-05-28 18:49:46+00:00
157,2026-05-31 02:00:00+00:00,3.0526,,9.0909,315.1296,315.1296,,,,,,,offshore_buoy,2026-05-28 18:49:46+00:00
157,2026-05-31 03:00:00+00:00,3.0704,,9.0909,314.9341,314.9341,,,,,,,offshore_buoy,2026-05-28 18:49:46+00:00
157,2026-05-31 04:00:00+00:00,3.0774,,9.0909,314.5806,314.5806,,,,,,,offshore_buoy,2026-05-28 18:49:46+00:00
157,2026-05-31 05:00:00+00:00,3.0742,,9.0909,314.1493,314.1493,,,,,,,offshore_buoy,2026-05-28 18:49:46+00:00
157,2026-05-31 06:00:00+00:00,3.0659,,9.0909,313.6921,313.6921,,,,,,,offshore_buoy,2026-05-28 18:49:46+00:00
157,2026-05-31 07:00:00+00:00,3.0551,,9.0909,313.2667,313.2667,,,,,,,offshore_buoy,2026-05-28 18:49:46+00:00
157,2026-05-31 08:00:00+00:00,3.0453,,9.0909,312.9203,312.9203,,,,,,,offshore_buoy,2026-05-28 18:49:46+00:00
157,2026-05-31 09:00:00+00:00,3.0388,,9.0909,312.7038,312.7038,,,,,,,offshore_buoy,2026-05-28 18:49:46+00:00
157,2026-05-31 10:00:00+00:00,3.0388,,9.0909,312.6161,312.6161,,,,,,,offshore_buoy,2026-05-28 18:49:46+00:00
157,2026-05-31 11:00:00+00:00,3.046,,9.0909,312.623,312.623,,,,,,,offshore_buoy,2026-05-28 18:49:46+00:00
157,2026-05-31 12:00:00+00:00,3.0602,,9.0909,312.7076,312.7076,,,,,,,offshore_buoy,2026-05-28 18:49:46+00:00
157,2026-05-31 13:00:00+00:00,3.0799,,9.0909,312.8416,312.8416,,,,,,,offshore_buoy,2026-05-28 18:49:46+00:00
157,2026-05-31 14:00:00+00:00,3.1022,,9.0909,312.9651,312.9651,,,,,,,offshore_buoy,2026-05-28 18:49:46+00:00
157,2026-05-31 15:00:00+00:00,3.1254,,9.8717,310.0699,310.0699,,,,,,,offshore_buoy,2026-05-28 18:49:46+00:00
157,2026-05-31 16:00:00+00:00,3.1478,,9.8717,310.1175,310.1175,,,,,,,offshore_buoy,2026-05-28 18:49:46+00:00
157,2026-05-31 17:00:00+00:00,3.15,,9.8717,310.1111,310.1111,,,,,,,offshore_buoy,2026-05-28 18:49:46+00:00
157,2026-05-31 18:00:00+00:00,3.1266,,9.8717,310.0912,310.0912,,,,,,,offshore_buoy,2026-05-28 18:49:46+00:00
157,2026-05-31 19:00:00+00:00,3.1214,,9.8717,310.0787,310.0787,,,,,,,offshore_buoy,2026-05-28 18:49:46+00:00
157,2026-05-31 20:00:00+00:00,3.1253,,9.8717,310.1369,310.1369,,,,,,,offshore_buoy,2026-05-28 18:49:46+00:00
157,2026-05-31 21:00:00+00:00,3.0789,,9.8717,310.3595,310.3595,,,,,,,offshore_buoy,2026-05-28 18:49:46+00:00
157,2026-05-31 22:00:00+00:00,3.0265,,9.8717,310.3616,310.3616,,,,,,,offshore_buoy,2026-05-28 18:49:46+00:00
157,2026-05-31 23:00:00+00:00,3.0293,,9.8717,310.3753,310.3753,,,,,,,offshore_buoy,2026-05-28 18:49:46+00:00
157,2026-06-01 00:00:00+00:00,2.9974,,9.8717,310.1709,310.1709,,,,,,,offshore_buoy,2026-05-28 18:49:46+00:00
157,2026-06-01 01:00:00+00:00,2.9931,,9.8717,309.8878,309.8878,,,,,,,offshore_buoy,2026-05-28 18:49:46+00:00
157,2026-06-01 02:00:00+00:00,2.9972,,9.8717,309.8765,309.8765,,,,,,,offshore_buoy,2026-05-28 18:49:46+00:00
157,2026-06-01 03:00:00+00:00,2.9606,,9.8717,309.6246,309.6246,,,,,,,offshore_buoy,2026-05-28 18:49:46+00:00
157,2026-06-01 04:00:00+00:00,2.9717,,9.8717,309.4167,309.4167,,,,,,,offshore_buoy,2026-05-28 18:49:46+00:00
157,2026-06-01 05:00:00+00:00,2.9741,,9.8717,309.4247,309.4247,,,,,,,offshore_buoy,2026-05-28 18:49:46+00:00
157,2026-06-01 06:00:00+00:00,2.9403,,9.8717,309.3556,309.3556,,,,,,,offshore_buoy,2026-05-28 18:49:46+00:00
157,2026-06-01 07:00:00+00:00,2.9165,,9.8717,309.2364,309.2364,,,,,,,offshore_buoy,2026-05-28 18:49:46+00:00
157,2026-06-01 08:00:00+00:00,2.895,,9.8717,309.2915,309.2915,,,,,,,offshore_buoy,2026-05-28 18:49:46+00:00
157,2026-06-01 09:00:00+00:00,2.8443,,9.8717,309.5976,309.5976,,,,,,,offshore_buoy,2026-05-28 18:49:46+00:00
157,2026-06-01 10:00:00+00:00,2.8152,,9.8717,309.859,309.859,,,,,,,offshore_buoy,2026-05-28 18:49:46+00:00
157,2026-06-01 11:00:00+00:00,2.7922,,9.8717,309.9248,309.9248,,,,,,,offshore_buoy,2026-05-28 18:49:46+00:00
157,2026-06-01 12:00:00+00:00,2.7524,,9.8717,310.5616,310.5616,,,,,,,offshore_buoy,2026-05-28 18:49:46+00:00
157,2026-06-01 13:00:00+00:00,2.7296,,9.8717,311.1202,311.1202,,,,,,,offshore_buoy,2026-05-28 18:49:46+00:00
157,2026-06-01 14:00:00+00:00,2.7089,,9.8717,311.1563,311.1563,,,,,,,offshore_buoy,2026-05-28 18:49:46+00:00
157,2026-06-01 15:00:00+00:00,2.6633,,9.8717,311.5641,311.5641,,,,,,,offshore_buoy,2026-05-28 18:49:46+00:00
157,2026-06-01 16:00:00+00:00,2.6285,,9.8717,311.7837,311.7837,,,,,,,offshore_buoy,2026-05-28 18:49:46+00:00
157,2026-06-01 17:00:00+00:00,2.6149,,9.8717,311.7819,311.7819,,,,,,,offshore_buoy,2026-05-28 18:49:46+00:00
157,2026-06-01 18:00:00+00:00,2.5587,,9.8717,311.5915,311.5915,,,,,,,offshore_buoy,2026-05-28 18:49:46+00:00
157,2026-06-01 19:00:00+00:00,2.5216,,9.8717,311.2466,311.2466,,,,,,,offshore_buoy,2026-05-28 18:49:46+00:00
157,2026-06-01 20:00:00+00:00,2.5115,,9.8717,311.2367,311.2367,,,,,,,offshore_buoy,2026-05-28 18:49:46+00:00
157,2026-06-01 21:00:00+00:00,2.4532,,9.8717,311.025,311.025,,,,,,,offshore_buoy,2026-05-28 18:49:46+00:00
157,2026-06-01 22:00:00+00:00,2.421,,9.8717,310.6729,310.6729,,,,,,,offshore_buoy,2026-05-28 18:49:46+00:00
157,2026-06-01 23:00:00+00:00,2.4157,,9.8717,310.6931,310.6931,,,,,,,offshore_buoy,2026-05-28 18:49:46+00:00
157,2026-06-02 00:00:00+00:00,2.3648,,9.8717,310.8121,310.8121,,,,,,,offshore_buoy,2026-05-28 18:49:46+00:00
157,2026-06-02 01:00:00+00:00,2.3423,,9.8717,310.7973,310.7973,,,,,,,offshore_buoy,2026-05-28 18:49:46+00:00
157,2026-06-02 02:00:00+00:00,2.3433,,9.8717,310.8744,310.8744,,,,,,,offshore_buoy,2026-05-28 18:49:46+00:00
157,2026-06-02 03:00:00+00:00,2.3006,,9.8717,311.1305,311.1305,,,,,,,offshore_buoy,2026-05-28 18:49:46+00:00
157,2026-06-02 04:00:00+00:00,2.2756,,9.8717,311.2374,311.2374,,,,,,,offshore_buoy,2026-05-28 18:49:46+00:00
157,2026-06-02 05:00:00+00:00,2.2691,,9.8717,311.3679,311.3679,,,,,,,offshore_buoy,2026-05-28 18:49:46+00:00
157,2026-06-02 06:00:00+00:00,2.2247,,9.0909,313.0089,313.0089,,,,,,,offshore_buoy,2026-05-28 18:49:46+00:00
157,2026-06-02 07:00:00+00:00,2.1939,,9.0909,313.4697,313.4697,,,,,,,offshore_buoy,2026-05-28 18:49:46+00:00
157,2026-06-02 08:00:00+00:00,2.1871,,9.0909,313.5291,313.5291,,,,,,,offshore_buoy,2026-05-28 18:49:46+00:00
157,2026-06-02 09:00:00+00:00,2.1494,,9.0909,313.8464,313.8464,,,,,,,offshore_buoy,2026-05-28 18:49:46+00:00
157,2026-06-02 10:00:00+00:00,2.1173,,18.1818,196.9589,196.9589,,,,,,,offshore_buoy,2026-05-28 18:49:46+00:00
157,2026-06-02 11:00:00+00:00,2.1041,,9.0909,314.4055,314.4055,,,,,,,offshore_buoy,2026-05-28 18:49:46+00:00
157,2026-06-02 12:00:00+00:00,2.0686,,18.1818,196.6225,196.6225,,,,,,,offshore_buoy,2026-05-28 18:49:46+00:00
157,2026-06-02 13:00:00+00:00,2.0382,,18.1818,196.4934,196.4934,,,,,,,offshore_buoy,2026-05-28 18:49:46+00:00
157,2026-06-02 14:00:00+00:00,2.0308,,18.1818,196.1669,196.1669,,,,,,,offshore_buoy,2026-05-28 18:49:46+00:00
157,2026-06-02 15:00:00+00:00,2.001,,18.1818,195.9507,195.9507,,,,,,,offshore_buoy,2026-05-28 18:49:46+00:00
157,2026-06-02 16:00:00+00:00,1.9796,,16.6667,196.3442,196.3442,,,,,,,offshore_buoy,2026-05-28 18:49:46+00:00
157,2026-06-02 17:00:00+00:00,1.9809,,16.6667,196.2514,196.2514,,,,,,,offshore_buoy,2026-05-28 18:49:46+00:00
157,2026-06-02 18:00:00+00:00,1.9559,,16.6667,196.2109,196.2109,,,,,,,offshore_buoy,2026-05-28 18:49:46+00:00
157,2026-06-02 19:00:00+00:00,1.9537,,16.6667,195.7903,195.7903,,,,,,,offshore_buoy,2026-05-28 18:49:46+00:00
157,2026-06-02 20:00:00+00:00,1.969,,16.6667,195.5045,195.5045,,,,,,,offshore_buoy,2026-05-28 18:49:46+00:00
157,2026-06-02 21:00:00+00:00,1.9473,,16.6667,195.295,195.295,,,,,,,offshore_buoy,2026-05-28 18:49:46+00:00
157,2026-06-02 22:00:00+00:00,1.9254,,16.6667,195.0886,195.0886,,,,,,,offshore_buoy,2026-05-28 18:49:46+00:00
157,2026-06-02 23:00:00+00:00,1.8955,,16.6667,194.8191,194.8191,,,,,,,offshore_buoy,2026-05-28 18:49:46+00:00
157,2026-06-03 00:00:00+00:00,1.8792,,16.6667,194.5472,194.5472,,,,,,,offshore_buoy,2026-05-28 18:49:46+00:00
157,2026-06-03 01:00:00+00:00,1.9747,,16.6667,194.5389,194.5389,,,,,,,offshore_buoy,2026-05-28 18:49:46+00:00
157,2026-06-03 02:00:00+00:00,2.1069,,16.6667,195.12,195.12,,,,,,,offshore_buoy,2026-05-28 18:49:46+00:00
157,2026-06-03 03:00:00+00:00,2.1441,,16.6667,193.279,193.279,,,,,,,offshore_buoy,2026-05-28 18:49:46+00:00
157,2026-06-03 04:00:00+00:00,2.1412,,16.6667,194.7685,194.7685,,,,,,,offshore_buoy,2026-05-28 18:49:46+00:00
157,2026-06-03 05:00:00+00:00,2.1061,,16.6667,193.324,193.324,,,,,,,offshore_buoy,2026-05-28 18:49:46+00:00
157,2026-06-03 06:00:00+00:00,1.9451,,16.6667,193.1757,193.1757,,,,,,,offshore_buoy,2026-05-28 18:49:46+00:00
157,2026-06-03 07:00:00+00:00,1.9755,,16.6667,194.3197,194.3197,,,,,,,offshore_buoy,2026-05-28 18:49:46+00:00
157,2026-06-03 08:00:00+00:00,2.1023,,16.6667,195.1143,195.1143,,,,,,,offshore_buoy,2026-05-28 18:49:46+00:00
157,2026-06-03 09:00:00+00:00,2.1196,,16.6667,192.2875,192.2875,,,,,,,offshore_buoy,2026-05-28 18:49:46+00:00
157,2026-06-03 10:00:00+00:00,2.098,,15.3846,194.2868,194.2868,,,,,,,offshore_buoy,2026-05-28 18:49:46+00:00
157,2026-06-03 11:00:00+00:00,2.0318,,15.3846,194.1203,194.1203,,,,,,,offshore_buoy,2026-05-28 18:49:46+00:00
157,2026-06-03 12:00:00+00:00,1.8957,,15.3846,193.9265,193.9265,,,,,,,offshore_buoy,2026-05-28 18:49:46+00:00
157,2026-06-03 13:00:00+00:00,1.9952,,15.3846,194.6663,194.6663,,,,,,,offshore_buoy,2026-05-28 18:49:46+00:00
157,2026-06-03 14:00:00+00:00,2.1002,,15.3846,195.2508,195.2508,,,,,,,offshore_buoy,2026-05-28 18:49:46+00:00
157,2026-06-03 15:00:00+00:00,2.0884,,7.6923,317.5917,317.5917,,,,,,,offshore_buoy,2026-05-28 18:49:46+00:00
157,2026-06-03 16:00:00+00:00,2.0935,,15.3846,194.2015,194.2015,,,,,,,offshore_buoy,2026-05-28 18:49:46+00:00
157,2026-06-03 17:00:00+00:00,2.02,,7.6923,317.127,317.127,,,,,,,offshore_buoy,2026-05-28 18:49:46+00:00
157,2026-06-03 18:00:00+00:00,1.9756,,7.6923,314.9234,314.9234,,,,,,,offshore_buoy,2026-05-28 18:49:46+00:00
157,2026-06-03 19:00:00+00:00,2.1508,,7.6923,318.2938,318.2938,,,,,,,offshore_buoy,2026-05-28 18:49:46+00:00
157,2026-06-03 20:00:00+00:00,2.2704,,7.6923,318.2766,318.2766,,,,,,,offshore_buoy,2026-05-28 18:49:46+00:00
157,2026-06-03 21:00:00+00:00,2.2689,,7.6923,318.8807,318.8807,,,,,,,offshore_buoy,2026-05-28 18:49:46+00:00
157,2026-06-03 22:00:00+00:00,2.273,,7.6923,318.7073,318.7073,,,,,,,offshore_buoy,2026-05-28 18:49:46+00:00
157,2026-06-03 23:00:00+00:00,2.208,,7.6923,318.5602,318.5602,,,,,,,offshore_buoy,2026-05-28 18:49:46+00:00
157,2026-06-04 00:00:00+00:00,2.1869,,7.6923,317.5705,317.5705,,,,,,,offshore_buoy,2026-05-28 18:49:46+00:00
157,2026-06-04 01:00:00+00:00,2.3207,,7.6923,319.2632,319.2632,,,,,,,offshore_buoy,2026-05-28 18:49:46+00:00
157,2026-06-04 02:00:00+00:00,2.4489,,7.6923,319.2275,319.2275,,,,,,,offshore_buoy,2026-05-28 18:49:46+00:00
157,2026-06-04 03:00:00+00:00,2.5013,,7.6923,322.0478,322.0478,,,,,,,offshore_buoy,2026-05-28 18:49:46+00:00
157,2026-06-04 04:00:00+00:00,2.5532,,7.6923,319.896,319.896,,,,,,,offshore_buoy,2026-05-28 18:49:46+00:00
157,2026-06-04 05:00:00+00:00,2.4863,,7.6923,319.8041,319.8041,,,,,,,offshore_buoy,2026-05-28 18:49:46+00:00
157,2026-06-04 06:00:00+00:00,2.4312,,7.6923,319.7571,319.7571,,,,,,,offshore_buoy,2026-05-28 18:49:46+00:00
157,2026-06-04 07:00:00+00:00,2.5181,,7.6923,321.5453,321.5453,,,,,,,offshore_buoy,2026-05-28 18:49:46+00:00
157,2026-06-04 08:00:00+00:00,2.6099,,7.6923,321.505,321.505,,,,,,,offshore_buoy,2026-05-28 18:49:46+00:00
157,2026-06-04 09:00:00+00:00,2.5412,,7.6923,319.954,319.954,,,,,,,offshore_buoy,2026-05-28 18:49:46+00:00
157,2026-06-04 10:00:00+00:00,2.5248,,7.6923,321.045,321.045,,,,,,,offshore_buoy,2026-05-28 18:49:46+00:00
157,2026-06-04 11:00:00+00:00,2.4454,,7.6923,320.9459,320.9459,,,,,,,offshore_buoy,2026-05-28 18:49:46+00:00
157,2026-06-04 12:00:00+00:00,2.5052,,7.6923,319.1043,319.1043,,,,,,,offshore_buoy,2026-05-28 18:49:46+00:00
157,2026-06-04 13:00:00+00:00,2.6361,,7.1429,319.9294,319.9294,,,,,,,offshore_buoy,2026-05-28 18:49:46+00:00
157,2026-06-04 14:00:00+00:00,2.6646,,7.1429,319.8735,319.8735,,,,,,,offshore_buoy,2026-05-28 18:49:46+00:00
157,2026-06-04 15:00:00+00:00,2.6429,,7.6923,317.5918,317.5918,,,,,,,offshore_buoy,2026-05-28 18:49:46+00:00
157,2026-06-04 16:00:00+00:00,2.8384,,8.3333,310.9152,310.9152,,,,,,,offshore_buoy,2026-05-28 18:49:46+00:00
157,2026-06-04 17:00:00+00:00,2.7277,,8.3333,310.7134,310.7134,,,,,,,offshore_buoy,2026-05-28 18:49:46+00:00
